4;SKUPAJ ODHODKI ;3542212592;4017274642;4293709834;4983104068;5473827154;6097304191;6658691868;7181393039;7628519733;7762889761;8470049312;9259520752;9280168955;9362820683;8993487746;9314512628;9654920966;9797661434;9000298089;9156233012;9463367275;7272824763
;;;;;;;;;;;;;;;;;;;;;;;
40;TEKOČI ODHODKI;990955391;1146933677;1311595050;1542785754;1696345615;1894538647;1893106597;1955746017;2084757569;2237719955;2434852615;2412313450;2562169568;2526596416;2514967464;2665402325;2872961795;2965194098;3052918732;3036608683;3136837030;2381386296
;;;;;;;;;;;;;;;;;;;;;;;
400;Plače in drugi izdatki zaposlenim;382650838;424757168;479127399;564400147;633707517;715157450;749836430;793439519;835642469;876286378;979260566;1040596023;1046228232;1034798807;981217977;915100357;910214664;910142736;958622439;999537254;1037748612;852111846
;;;;;;;;;;;;;;;;;;;;;;;
4000;Plače in dodatki;325077903;359203164;406297929;479088663;538145443;608365205;630866705;666101477;695748250;739769890;819825803;878851449;891758534;884300879;855924164;800042383;806028085;805561197;839843927;874556187;899207257;723091744
400000;Osnovne plače;303018028;255607375;287012532;322429897;351769697;395329290;423717343;450624925;470498628;499284559;626029217;789628420;802233553;795397849;771467189;721463409;725939855;722001703;747748477;781411413;802267410;642360697
400001;Dodatek za delovno dobo in dodatek za stalnost;11120827;89338570;104903046;140003223;169057107;194538264;188282647;196406439;203510885;210780045;156560053;46068086;47702266;48494526;47240577;44839365;47069152;48865163;51387402;54642271;55808004;45762448
400002;Dodatki za delo v posebnih pogojih;10939048;14257219;14382351;16655542;17318639;18497651;18866715;19070112;21738737;29705285;37236533;32514677;31446990;31842818;29199583;26780520;26165847;27725552;33372138;30877589;33494440;28931633
400003;Položajni dodatek;0;0;0;0;0;0;0;0;0;0;0;8127439;7819102;5967550;5651054;5150433;5375844;5481915;5772898;5947841;5977278;4739887
400004;Drugi dodatki;0;0;0;0;0;0;0;0;0;0;0;2512827;2556623;2598136;2365761;1808657;1477387;1486864;1563011;1677073;1660126;1297079
;;;;;;;;;;;;;;;;;;;;;;;
4001;Regres za letni dopust;11617918;13662933;15652375;17662641;19621882;21371217;23160799;24432983;25568181;26650327;27834597;28022200;28935768;28461835;14386622;28508569;13892498;13651501;25165081;27698879;31908617;33339857
400100;Regres za letni dopust;11617918;13662933;15652375;17662641;19621882;21371217;23160799;24432983;25568181;26650327;27834597;28022200;28935768;28461835;14386622;28508569;13892498;13651501;25165081;27698879;31908617;33339857
;;;;;;;;;;;;;;;;;;;;;;;
4002;Povračila in nadomestila;29847508;32460422;37124710;44485001;52105634;61400965;71542558;77921458;86881720;80309708;89225049;89107676;93910886;96978354;87673389;69779954;70654865;68562224;66906400;67840957;68659753;51472664
400200;Dodatki za ločeno življenje;495267;582442;592925;508031;522468;572947;561413;457520;426364;415951;407939;444808;427164;387610;240729;98642;81119;73575;71632;69194;58420;38713
400201;Terenski dodatek;368040;235236;244305;274198;281451;306246;326717;330797;337522;228572;125540;129795;112578;135531;97469;129048;162993;195663;267256;179750;202873;177206
400202;Povračilo stroškov prehrane med delom;16200590;15633806;16297837;17893794;19613336;22098627;23511034;23301132;23912657;24793151;28342637;29233318;30156193;30731797;29112394;26991627;27485879;27417102;26969208;27409291;27897312;21047368
400203;Povračilo stroškov prevoza na delo in iz dela;12783611;16008939;19989643;25808979;31688380;38423144;47143395;53832008;62205177;54872033;60348933;59299755;63214951;65723416;58222798;42560638;42924873;40875884;39598304;40182722;40501148;30209377
;;;;;;;;;;;;;;;;;;;;;;;
4003;Sredstva za delovno uspešnost;7747295;9125894;10318796;12122336;13382436;13764720;13031133;13264219;13578918;14173558;23764501;22691449;9739048;6093412;4452516;5389490;8186250;9804793;9989580;9092393;16246083;21123811
400300;Sredstva za delovno uspešnost;7747295;9125894;10318796;12122336;13382436;13764720;13031133;13264219;13578918;14173558;23764501;0;0;0;0;0;0;0;0;0;0;0
400301;Sredstva za redno delovno uspešnost;0;0;0;0;0;0;0;0;0;0;0;5049213;4845;103;1;0;0;0;0;0;0;0
400302;Sredstva za delovno uspešnost iz naslova povečanega obsega dela pri opravljanju rednih delovnih nalog;0;0;0;0;0;0;0;0;0;0;0;16675174;8519285;5399793;3698168;3153552;3930308;5258242;9098315;8463875;15527142;13475924
400303;Sredstva za delovno uspešnost iz naslova povečanega obsega dela v okviru sodelovanja pri izvajanju posebnega projekta;0;0;0;0;0;0;0;0;0;0;0;967062;1214918;693516;754348;2235937;4255941;4546551;891265;628518;718940;7647887
400304;Sredstva za delovno uspešnost iz naslova prodaje blaga in storitev na trgu;0;0;0;0;0;0;0;0;0;0;0;0;0;0;0;0;0;0;0;0;0;0
;;;;;;;;;;;;;;;;;;;;;;;
4004;Sredstva za nadurno delo;5151917;7175121;6894108;8033586;7317355;6428766;5942583;6107754;7616177;9054124;10978459;11738615;9494743;8567690;6025088;4699478;5037343;6200070;10891216;13982782;13741846;15816111
400400;Sredstva za nadurno delo;5151917;7175121;6894108;8033586;7317355;6428766;5942583;6107754;7616177;9054124;10978459;11738615;9494743;8567690;6025088;4699478;5037343;6200070;10891216;13982782;13741846;15816111
;;;;;;;;;;;;;;;;;;;;;;;
4005;Plače za delo nerezidentov po pogodbi;95361;54106;53376;77;0;0;0;0;0;0;0;0;0;0;0;0;0;0;0;0;0;0
400500;Plače za delo nerezidentov po pogodbi;95361;54106;53376;77;0;0;0;0;0;0;0;0;0;0;0;0;0;0;0;0;0;0
;;;;;;;;;;;;;;;;;;;;;;;
4009;Drugi izdatki zaposlenim;3112938;3075528;2786105;3007844;3134766;3826577;5292652;5611629;6249224;6328771;7632158;10184633;12389253;10396637;12756198;6680483;6415624;6362950;5826235;6366057;7985055;7267659
400900;Jubilejne nagrade;627521;698079;773417;945101;1041473;1065325;1260365;1296292;1337637;1254755;1417095;1443332;1451137;1543117;1525223;1007310;1126635;1066153;1160619;1120245;1045185;1096861
400901;Odpravnine;2303938;2200747;1478262;1606959;1618931;2244714;2466130;3309291;3953103;3792518;4708393;5700775;6902131;5827431;8199348;4539241;4421510;4098201;3170344;2845513;4861398;3783406
400902;Solidarnostne pomoči;181479;176702;534426;455784;474363;516285;629782;630557;668047;793980;993489;889098;890565;830326;618593;100012;233252;139417;120145;149344;179374;108803
400999;Drugi izdatki zaposlenim;0;0;0;0;0;253;936374;375488;290437;487519;513181;2151428;3145421;2195763;2413034;1033920;634227;1059180;1375127;2250955;1899098;2278589
;;;;;;;;;;;;;;;;;;;;;;;
401;Prispevki delodajalcev za socialno varnost;60428632;69001582;77723693;92233063;104281100;116810795;137543118;140920820;146915388;154272776;175890862;188166937;191314957;193117373;187173390;167690421;160173953;158465749;168033923;174606547;188779086;155722666
;;;;;;;;;;;;;;;;;;;;;;;
4010;Prispevek za pokojninsko in invalidsko zavarovanje;37685448;42884142;48401764;57550050;64481272;71392398;73509798;78712555;81999910;86272289;100573961;108057560;110775867;113403499;109638030;100648171;97573204;97597119;104158314;104678477;107717913;89467946
401001;Prispevek za pokojninsko in invalidsko zavarovanje;37685448;42884142;48401764;57550050;64481272;71392398;73509798;78712555;81999910;86272289;100573961;108057560;110775867;113403499;109638030;100648171;97573204;97597119;104158314;104678477;107717913;89467946
;;;;;;;;;;;;;;;;;;;;;;;
4011;Prispevek za zdravstveno zavarovanje;22157337;25524797;28656782;33895983;38921625;44434753;46167782;47540437;49562704;52171127;58805994;62674515;62750983;61918486;59970712;56386115;57118211;57209943;60063451;62788965;65009128;53281823
401100;Prispevek za obvezno zdravstveno zavarovanje;20447482;23555322;26452083;31288875;35999481;40325444;41708820;43991739;45858152;48284356;54409967;57989057;58063077;57292688;55487312;52171626;52849266;52935794;55574943;58097552;60151652;49300557
401101;Prispevek za poškodbe pri delu in poklicne bolezni;1709856;1969474;2204699;2607108;2922143;4109309;4458962;3548698;3704552;3886771;4396026;4685458;4687905;4625798;4483400;4214488;4268945;4274149;4488508;4691413;4857476;3981266
;;;;;;;;;;;;;;;;;;;;;;;
4012;Prispevek za zaposlovanje;199636;222330;249369;295102;329279;368831;381438;402455;419327;440984;497557;530438;530565;523961;507471;482198;528778;643643;771935;791693;825443;683890
401200;Prispevek za zaposlovanje;199636;222330;249369;295102;329279;368831;381438;402455;419327;440984;497557;530438;530565;523961;507471;482198;528778;643643;771935;791693;825443;683890
;;;;;;;;;;;;;;;;;;;;;;;
4013;Prispevek za starševsko varstvo;386210;370313;415777;491928;548925;614813;635810;670663;698991;735758;829644;884270;885012;873290;845821;795431;805673;806546;846736;885132;916266;750917
401300;Prispevek za starševsko varstvo;386210;370313;415777;491928;548925;614813;635810;670663;698991;735758;829644;884270;885012;873290;845821;795431;805673;806546;846736;885132;916266;750917
;;;;;;;;;;;;;;;;;;;;;;;
4015;Premije kolektivnega dodatnega pokojninskega zavarovanja, na podlagi ZKDPZJU;0;0;0;0;0;0;16848290;13594711;14234457;14652618;15183707;16020154;16372530;16398137;16211356;9378506;4148088;2208497;2193486;5462279;14310336;11538090
401500;Premije kolektivnega dodatnega pokojninskega zavarovanja, na podlagi ZKDPZJU;0;0;0;0;0;0;16848290;13533027;14024898;14401512;14920517;15756381;16101674;16153862;16004887;9195189;3979524;2196178;2193486;5462279;14310336;11538090
401510;Druge premije prostovoljnega dodatnega kolektivnega pokojninskega zavarovanja;0;0;0;0;0;0;0;61684;209560;251106;263190;263773;270856;244276;206469;183317;168564;12319;0;0;0;0
;;;;;;;;;;;;;;;;;;;;;;;
402;Izdatki za blago in storitve;335934525;403552063;455655549;557010301;585462204;617064325;595983670;613311460;686520453;788360206;864361399;838880788;822730472;738515112;682792157;646156585;651538179;688730842;710996289;727743539;784527763;549373959
;;;;;;;;;;;;;;;;;;;;;;;
4020;Pisarniški in splošni material in storitve;50705545;60887636;72394308;80445374;92687441;89937688;83486145;82453661;95843773;101420262;125326756;99525459;78571697;72789865;61266155;53719428;52200871;53289667;53740505;53996480;57381270;42725820
402000;Pisarniški material in storitve;8986355;9048849;11155279;10746081;11097742;11918540;11797294;11690283;12300659;12833167;13385451;12982231;10628415;10217359;7796688;5871286;5840375;5724096;5200631;5216752;5045002;3609834
402001;Čistilni material in storitve;3847925;5921362;5976088;6664416;7450200;7876280;8093208;8954139;9753465;10025735;11019279;12146301;12015903;11356886;9936689;9013683;8857213;8906920;8584461;8870263;9491283;7897995
402002;Storitve varovanja zgradb in prostorov;1396174;1850810;2833716;3034926;3315560;3905997;4089031;4494557;5064947;5683391;7077337;8170089;7881637;7974486;7708237;7386742;7440894;7164908;7563868;7956942;8177901;6825928
402003;Založniške in tiskarske storitve ter stroški fotokopiranja;2470820;3116965;4519898;5733455;4818495;4352262;4853676;4668820;4148623;5430181;6763193;5212586;4460615;4604131;3547422;2611805;3585583;2198215;2634406;3323339;3311959;2387397
402004;Časopisi, revije, knjige in strokovna literatura;3448121;4526600;4820285;5709238;6053436;6344481;6152279;6217975;5294128;4692191;4974325;4279186;3354207;2923730;2462318;1925359;1685183;1554224;1624725;1723445;1820895;1520535
402005;Stroški prevajalskih storitev, stroški lektoriranja, in podobno;1067902;1332952;1403885;1809098;1746970;2710360;1883431;1751494;1577468;1739548;2587079;1634519;1582600;1545710;1172846;1168995;1138634;1317738;980490;1021440;936434;685801
402006;Stroški oglaševalskih storitev in stroški objav;1070122;2797989;3715531;1898720;1746057;2685974;3267397;2287954;3330558;3880933;3835139;2643485;2944050;1728504;1579446;1682982;1178278;1797342;2026437;2118377;2757267;1686877
402007;Računalniške storitve;3871911;6328737;7834875;10075139;10991160;11921118;13078275;10449636;10168678;5263018;5375445;5310994;3466754;3720297;3695518;3470891;2210891;1912882;1679893;3807175;2263954;1894099
402008;Računovodske, revizorske in svetovalne storitve;218671;283496;1398515;2968711;9231683;4236613;2683791;1277590;2266571;2854029;9327593;2014229;1152595;2147882;829024;468830;466732;768153;956997;1564743;1105208;366976
402009;Izdatki za reprezentanco;2911205;3340404;3076095;3721788;4576600;4354780;4776959;6409289;5966773;7464933;12507843;3525730;2534288;2572422;1521343;1333381;1514390;1706149;2005658;2045818;2147858;1564732
402010;Hrana, storitve menz in restavracij;7614794;9459361;9517576;10838830;10097970;7104337;5049541;5160037;5552891;5854913;6817099;6668371;5750141;6249614;5674591;5323213;4513229;5561901;6469339;6245001;8269716;5633348
402011;Storitve informacijske podpore uporabnikom;0;0;0;0;0;0;0;0;0;3657392;3777585;4076963;4134352;3956599;4079189;3095104;2917447;2402812;2811219;2077948;1652742;930171
402012;Uvajanje v informacijsko okolje;0;0;0;0;0;0;0;0;0;0;0;0;0;0;0;0;0;0;0;0;0;0
402099;Drugi splošni material in storitve;13801544;12880110;16142564;17244974;21561568;22526946;17761263;19091886;30419012;32040831;37879387;30860774;18666138;13792246;11262844;10367157;10852021;12274326;11202382;8025238;10401051;7722129
;;;;;;;;;;;;;;;;;;;;;;;
4021;Posebni material in storitve;54336693;68067264;68231876;126405679;132917832;133088183;132524920;128989208;159346804;195982313;198336509;211358121;245836841;138780523;111385286;96408644;84508371;94528801;122860755;121129571;154561238;104795837
402100;Uniforme in službena obleka;2103978;3784078;3669347;3948164;3975550;5094748;6269108;4421654;4682000;2204565;4058012;5961041;5551947;2982049;2696773;2152546;2539449;2992017;6205327;6271899;5145202;3724213
402101;Knjige;113275;1424615;448902;328710;333765;328167;440039;199151;248683;231825;245203;228607;241884;221674;114987;0;0;0;0;0;0;0
402102;Zdravila, ortopedski pripomočki in sanitetni material;1016482;890379;1062883;1317221;1174529;1181682;689703;844420;1006345;1069570;1186864;1208886;848942;1115340;994115;784455;867509;1146499;1052266;884261;891192;419878
402103;Kmetijski vložki;97;12743;17132;27261;37224;27074;29942;31749;3858;0;0;200;3691;0;68;3670;0;0;0;483;938;0
402104;Material in oprema za vojsko;32951090;39168667;45286870;70887645;66727933;71174370;79947572;84601317;98360596;122503595;103680820;113004193;140457351;42194595;23740530;13597604;10782669;12102853;14142386;25225970;49787767;35330976
402105;Material in specialna oprema za policijo;321585;482499;392888;682724;1540879;546447;506484;771724;961552;856937;1327690;1918724;3002995;820359;1075144;1484452;111018;1658023;2395377;3758949;3241357;901620
402106;Material za kazensko poboljševalne domove;117237;2628;22781;64998;21249;49112;77914;112148;51145;86966;176839;129503;135141;83307;122692;94048;133604;148142;90320;214734;123373;90871
402107;Laboratorijski materiali;16179;157557;425901;615662;936502;1119391;967479;529799;537033;633296;605778;705558;681556;582465;577506;598308;478220;740561;749686;852255;1196439;713284
402108;Drobni inventar;582702;420282;297566;371400;507218;678383;594903;602327;1277796;1541303;1406585;1024357;976737;883031;644978;393070;348323;575726;678886;643983;766740;442545
402109;Zaračunljive tiskovine;3965275;4957777;5045159;9226270;16166581;15566838;8011589;7519469;7504502;6500316;4227730;3967132;4101232;6254225;11252957;5251179;4513037;4033642;4235307;5546658;5713072;4886614
402110;Storitve železniškega prometa;0;0;0;0;0;546;485;609;483;14246005;35505661;37849692;35917169;31264514;27297899;22077535;0;14;0;28271151;32075734;21398272
402111;Zdravniški pregledi zaposlenih in drugih upravičencev;0;0;0;0;0;0;0;0;0;0;0;0;1751333;1544928;1168060;1058174;1055101;1021606;1166341;1105777;1203371;939285
402112;Protokolarna darila, promocijski ogledi, organizacije proslav in podobne storitve;0;0;0;0;0;0;0;0;0;0;0;0;1233222;1896297;680236;402008;624578;1226083;1064753;1321015;1330158;1068784
402113;Geodetske storitve, parcelacije, cenitve in druge podobne storitve;0;0;0;0;0;0;0;0;0;0;0;0;514031;323485;475220;1343411;553371;1222690;2398792;3614862;4787826;2696702
402199;Drugi posebni materiali in storitve;13148792;16766038;11562447;38935623;41496403;37321424;34989703;29354841;44712812;46107935;45915328;45360228;50419610;48614255;40544121;47168183;62501493;67660945;88681314;43417572;48298069;32182792
;;;;;;;;;;;;;;;;;;;;;;;
4022;Energija, voda, komunalne storitve in komunikacije;25594527;29761811;34021497;42580236;46741170;52575411;51779079;56104099;59171737;56652567;64923515;67632974;66432121;66540236;66005438;63032657;59159032;52528161;51325707;53758153;52721643;44352786
402200;Električna energija;4524115;5189090;5656710;6170399;6385488;7500058;7966770;8144288;9147859;10351096;13248802;14453363;13472666;12048304;12015634;12512097;11158289;10692056;11033551;10943716;11035397;8608229
402201;Poraba kuriv in stroški ogrevanja;3669171;4115563;4626459;6511628;6826485;7696173;7399949;9166146;10240723;8287405;11259033;10917067;11581741;13109992;13636533;13615564;11113575;11160393;10611347;11452660;11115151;9631264
402202;Poraba druge energije;617049;523192;347418;313297;371086;348222;137032;151291;144200;128598;144597;119710;105598;89600;87184;112325;128282;83730;69210;88796;66060;123404
402203;Voda in komunalne storitve;1726746;1652548;1579847;1781732;1965140;2041568;1887904;1927299;1976973;1903384;2059020;2444442;2597470;2593901;2459288;2647096;2710535;2931898;2957300;3074336;3031242;2551775
402204;Odvoz smeti;236876;508332;517893;666019;912538;904675;943278;1164523;1258795;1684522;1268902;2616900;1102027;1675835;1144546;1137733;1126966;1095024;1086705;1099501;1124774;917665
402205;Telefon, faks, elektronska pošta;6357842;9042645;10187221;11322532;12475429;13136521;12967514;12841551;13351418;13380121;14712447;13040320;11924530;11421408;9953665;8326692;7829178;7642603;7247532;7121587;7044858;5124217
402206;Poštnina in kurirske storitve;8462729;8728355;10957945;15409073;17607882;20673893;19462264;21752176;21885780;20009366;20492598;22864734;24383401;24731286;26009049;23226909;23517364;17421323;17329463;18442837;17814556;14368605
402299;Druge storitve komunikacij in komunale;0;2086;148004;405556;197122;274300;1014369;956825;1165989;908074;1738115;1176438;1264690;869910;699539;1454239;1574844;1501135;990598;1534720;1489605;3027627
;;;;;;;;;;;;;;;;;;;;;;;
4023;Prevozni stroški in storitve;11980732;14866638;19952261;23014969;25088068;29208184;32271730;35564915;39883032;39301355;48963896;41793680;41784590;43742143;38182004;36652287;34399657;33565588;42753664;43434254;45167544;32173681
402300;Goriva in maziva za prevozna sredstva;3866878;4603848;6462748;7336505;7792918;8746086;9026901;10744078;12173945;11513711;13446043;11204834;12590101;14007853;13751082;13888028;14108957;11315912;10036184;10799594;11341862;8791216
402301;Vzdrževanje in popravila vozil;2794329;4032039;6096453;6557714;7284363;9778544;10066912;10956324;14144008;12146160;16901949;17134900;16535787;17041500;14438426;14236703;12278612;12686727;18187931;19845373;16543294;12293168
402302;Nadomestni deli za vozila;1036180;1726427;2671998;2836973;3189402;3257982;3849191;2941550;3313889;3916848;2942477;3305124;3841670;4779359;3567533;2523457;2361436;2145741;2598072;5286431;7420951;3908573
402303;Najem vozil in selitveni stroški;372012;819404;1347214;1688629;2592186;2748279;3123571;3782387;4570748;4209326;7219015;3567712;2489638;1800608;1282562;1177420;1058944;1210099;1301838;2466388;3723112;3027370
402304;Pristojbine za registracijo vozil;388813;292942;233191;265153;312045;373281;447841;333489;334807;342690;400993;383574;338902;371823;357655;407192;396462;373030;364711;377690;327932;233407
402305;Zavarovalne premije za motorna vozila;2547268;2071899;1965492;2357257;2299195;2727925;4157867;4879559;3052624;3564239;3601662;3166064;3033511;3059112;2902627;2715065;2115878;2159439;2059153;2367805;2340686;1976236
402306;Stroški nakupa vinjet in urbane;0;0;0;0;0;0;0;0;0;0;0;0;347423;320487;331627;293903;370316;313202;351838;379582;418386;349645
402399;Drugi prevozni in transportni stroški;975252;1320079;1175166;1972739;1617959;1576086;1599447;1927528;2293010;3608380;4451757;3031472;2607558;2361401;1550493;1410519;1709053;3361438;7853938;1911390;3051321;1594067
;;;;;;;;;;;;;;;;;;;;;;;
4024;Izdatki za službena potovanja;11608680;13204082;12627208;13676310;15501176;15862222;17893630;17514874;18693377;23466574;28980053;18147511;16603345;15550321;9754426;9084449;8300689;9081987;10209930;11525608;12200313;8825775
402400;Dnevnice za službena potovanja v državi;1980320;2049231;2262770;2294454;2232740;2295763;1909044;1789759;1832056;1976301;1425115;1134587;1021951;904143;558215;305334;307389;378072;382184;404218;410232;273572
402401;Hotelske in restavracijske storitve v državi;989204;962026;467700;652058;816890;907879;1013378;956868;1127192;1106614;1658892;1205065;968813;755302;393722;366331;317875;380157;486134;602472;639185;427697
402402;Stroški prevoza v državi;1445819;961363;864275;1034935;962688;692386;753367;714207;631635;934998;1652956;1226942;1222869;1155535;662424;418347;383248;453187;583648;692523;678352;534261
402403;Dnevnice za službena potovanja v tujini;2523297;4505653;4658646;4005355;4671729;4679109;5044302;4567358;4834105;6686307;5301373;3862921;3510041;3203896;2237156;1965508;1743493;1882130;2237074;2304520;2389583;2014265
402404;Hotelske in restavracijske storitve v tujini;2107490;777398;899252;1182524;1300091;1524954;1875821;2007789;2324249;2378866;5144310;3274179;3083885;2830541;1805270;2111809;1989175;2301698;2565241;2930349;3251398;2128723
402405;Stroški prevoza v tujini;2039938;3525790;3195424;4035847;4950086;5439441;6908304;6940783;7438829;9998447;13404806;7162449;6576484;6466190;3935594;3748347;3391870;3513369;3759361;4401045;4612909;3296416
402499;Drugi izdatki za službena potovanja;522611;422621;279141;471136;566952;322689;389413;538111;505310;385041;392600;281368;219301;234714;162046;168774;167640;173374;196290;190481;218653;150841
;;;;;;;;;;;;;;;;;;;;;;;
4025;Tekoče vzdrževanje;72634317;86386056;97307783;85003276;81863857;100693919;82056711;101480639;118415626;141537817;191579918;202361708;192544032;203679376;188426843;179519459;199551937;184406073;191971075;231211827;214628804;159838595
402500;Tekoče vzdrževanje poslovnih objektov;6950657;4591257;8807390;4402216;4938925;6833610;6399483;6383427;7043385;28128814;43240833;71100030;64760589;71806623;68569954;64637107;46318810;53427941;32243062;86838757;67972416;53768943
402501;Tekoče vzdrževanje stanovanjskih objektov;731193;474542;135472;208887;741294;689295;609780;607118;835220;968568;1994687;2519273;1277276;993455;1322209;1019651;1068104;1244089;1241094;1274900;1193847;915805
402502;Tekoče vzdrževanje počitniških objektov;14443;87720;91074;75950;232042;76348;74333;77757;146366;172106;4599937;171181;172489;141316;195138;154300;131678;261139;123106;151883;191272;143446
402503;Tekoče vzdrževanje drugih objektov;45308875;57152573;62874571;49944611;40991709;50096787;34999104;38438900;50683315;46989987;59727542;44671260;42875992;51689021;49928674;50693547;60602039;61196670;65240088;76283451;67539984;50927254
402504;Zavarovalne premije za objekte;1799199;1228191;1249696;1367066;2164297;2371390;401543;455572;500670;2233733;4531165;832279;4335145;1544152;863112;876254;5392991;948646;889127;1763340;975724;991252
402510;Tekoče vzdrževanje komunikacijske opreme;8116654;10181366;13462848;14775363;15722959;18557944;20335861;30077110;29175188;7687160;6223649;5842355;4983246;5028599;4165299;4754443;5322251;4743038;4679670;4315185;4928331;3541505
402511;Tekoče vzdrževanje druge opreme;7194879;8853493;9114421;10783115;13362260;14909366;13580649;18012799;20266652;21819758;29678835;27097419;28228914;26286738;15737828;11259411;9478198;10697423;9405882;12229484;15296627;10602009
402512;Zavarovalne premije za opremo;1054706;261864;705811;938866;1060207;1193493;806302;1947702;1184616;801384;555554;399847;284811;377854;471293;426166;405453;384755;348862;232645;544156;294627
402513;Tekoče vzdrževanje druge (nelicenčne) programske opreme;0;0;0;0;0;0;0;0;0;7529699;9749827;9812930;10291838;12477610;11152576;10861537;11152048;11261604;9180332;9891924;10907566;8329907
402514;Tekoče vzdrževanje licenčne programske opreme;0;0;0;0;0;0;0;0;0;4021422;5594742;8333444;9743761;8573103;10265903;9859475;8235203;7410757;6973638;7716424;11207275;5967343
402515;Tekoče vzdrževanje strojne računalniške opreme;0;0;0;0;0;0;0;0;0;3301744;3865371;5106833;4759349;6361092;4870503;4636967;5138847;4501245;4726685;5362672;3641952;3245237
402516;Tekoče vzdrževanje operativnega informacijskega okolja;0;0;0;0;0;0;0;0;0;3642313;4380510;4713784;5657652;5500243;5517203;5289438;5629081;5085806;4164691;4359686;4783314;3636922
402599;Drugi izdatki za tekoče vzdrževanje in zavarovanje;1463711;3555051;866499;2507200;2650164;5965687;4849655;5480252;8580213;14241130;17437266;21761073;15172970;12899571;15367151;15051165;40677234;23242958;52754837;20791478;25446343;17474344
;;;;;;;;;;;;;;;;;;;;;;;
4026;Poslovne najemnine in zakupnine;25161513;31661995;39000551;46817206;49122358;50885579;48022784;50087622;54910631;58394130;63042844;61403698;60505477;61414037;65753662;60109681;55232092;56056048;56106278;56165286;55110654;44084681
402600;Najemnine in zakupnine za poslovne objekte;14635246;20550611;26622289;32041945;34935490;34959519;28699520;30486109;30503570;31088848;33617657;35642387;34647988;34305918;36880397;32532863;28903280;30440643;28939960;30198737;30376344;23442366
402601;Najemnine in zakupnine za stanovanjske objekte;1961558;1918029;1717788;762666;2996329;3693281;4289750;4503778;6508195;10794653;10302761;8670210;9415345;9446791;9568430;9184652;9046735;9167297;9462714;9839908;9683072;7098802
402602;Najemnine in zakupnine za garaže in parkirne prostore;319373;433465;646381;744362;902963;1267167;1302121;1323460;1290910;1433047;1780532;2065182;1944929;2015668;2286738;1968671;2117298;1793149;1688669;1729709;1782675;1408656
402603;Najemnine in zakupnine za druge objekte;1576367;351304;2798578;1547514;1281123;576257;1081903;695490;651608;1169103;1103864;1017273;655865;696722;603627;590384;599965;514108;1763064;1395653;392944;339993
402604;Najem strojne računalniške opreme;558429;2056856;1263707;1356348;1342508;1298465;1657613;1346131;2251312;228426;704733;110947;106964;226330;244327;317852;328615;196761;318585;395633;517489;570515
402605;Nadomestilo za uporabo stavbnega zemljišča;355178;400479;428480;926868;827178;1038635;1486154;1650853;1649792;1719498;1968962;2265805;2350228;2284167;3249202;2338490;2301107;2153507;2540954;2483290;2539320;2222357
402606;Druga nadomestila za uporabo zemljišča;32274;53241;115073;50896;21251;89600;97781;290106;231064;253055;117198;578932;22445;315666;289101;615297;262497;188334;94481;82265;70854;504105
402607;Najem programske računalniške opreme;0;0;0;0;0;0;0;0;0;1971452;2239211;2192415;3285532;3442340;3315633;3286206;2493883;2824766;2744397;2703560;2605437;1978566
402608;Najem komunikacijske opreme in podatkovnih vodov;0;0;0;0;0;0;0;0;0;4874864;5707193;4748899;4577627;4531219;4453889;5064775;5082133;4436309;4614922;4515763;4759429;3677915
402699;Druge najemnine, zakupnine in licenčnine;5723088;5898012;5408256;9386607;6815517;7962655;9407942;9791695;11824179;4861183;5500731;4111649;3498553;4149216;4862319;4210491;4096580;4341172;3938530;2820767;2383091;2841405
;;;;;;;;;;;;;;;;;;;;;;;
4027;Kazni in odškodnine;8370131;7648310;10633906;17046845;10432455;13641350;20266818;9986634;13803646;12783804;10822659;11899620;9353152;21913389;17729990;18483568;35515100;87258553;45745274;13406401;47276807;14546654
402700;Kazni zaradi sodnih postopkov;21570;3918;1356964;8148895;5399017;4612146;6227227;384926;35963;220290;73939;766445;14155;324045;1284;11150;13116;25604;40795;3786880;1788283;3673
402701;Odškodnine neupravičeno obsojenim;2028507;1280188;1966288;1256622;929520;1513998;1039675;943457;556474;1539338;1241323;600356;780247;752375;711246;839739;465197;478260;483797;527827;414095;265129
402702;Odškodnine zaradi sodnih postopkov;6320054;6364204;6774219;5636872;842003;2233916;7409542;6330748;9793873;4718143;3437973;6828219;3912927;2941790;6238303;3566252;2809305;43623364;8598493;920762;1091251;1212164
402799;Druge odškodnine in kazni;0;0;536436;2004457;3261915;5281290;5590375;2327503;3417335;6306033;6069424;3704599;4645823;17895179;10779158;14066427;32227483;43131325;36622189;8170932;43983178;13065688
;;;;;;;;;;;;;;;;;;;;;;;
4028;Davek na izplačane plače;14461007;18049769;21738318;27620536;30854611;36328383;37559152;40454873;34519378;28839691;17917325;0;0;0;0;0;0;0;0;0;0;0
402800;Davek na izplačane plače;14461007;18049769;21738318;27620536;30854611;36328383;37559152;40454873;34519378;28839691;17917325;0;0;0;0;0;0;0;0;0;0;0
;;;;;;;;;;;;;;;;;;;;;;;
4029;Drugi operativni odhodki;61081380;73018502;79747842;94399869;100253236;94843407;90122701;90674934;91932449;129981693;114467924;124758017;111099217;114105221;124288353;129146412;122670429;118015965;136283102;143115958;145479490;98030132
402900;Stroški konferenc, seminarjev in simpozijev;1996447;2070345;2307624;2467859;2990030;3601350;3779676;3373854;4081075;5768177;7128072;3216908;1886926;1532761;718416;765333;969001;1431311;1550603;1317173;1350121;970209
402901;Plačila avtorskih honorarjev;1923677;3035771;3301723;3297234;3698398;4206403;5134775;5520592;5785556;4762025;4614863;2997606;3010532;3117145;2699359;2666467;2508672;1926012;2668686;2588386;2822829;1780198
402902;Plačila po podjemnih pogodbah;4548458;4758861;5843239;5018846;7532894;6142941;6432980;6134631;6550432;12054115;8818744;8023828;8080864;7334056;6431051;5363391;5427224;5583175;5533093;6119896;6643804;4820020
402903;Plačila za delo preko študentskega servisa;1656108;2676010;3217183;3640622;6256548;4643696;5183280;5144545;5602895;7129725;7438099;5843715;4804929;3901081;1582023;311214;601088;482195;925925;1496123;1742008;1413552
402904;Nadomestila članom posebnih komisij;956292;716786;1501411;2412251;2597654;5123353;264968;0;0;0;0;0;0;0;0;0;0;0;0;0;0;0
402905;Sejnine in pripadajoča povračila stroškov;152634;50313;74127;72230;94594;558087;626535;645797;700366;704681;751873;775339;871352;858461;702243;545035;708664;786502;761920;822118;718542;570157
402906;Stroški izpitnih komisij;112215;687121;729831;742032;1259335;918202;5046585;0;0;0;0;0;0;0;0;0;0;0;0;0;0;0
402907;Izdatki za strokovno izobraževanje zaposlenih;5155863;4371436;4174932;4044462;4166875;4311832;4658753;6274363;6099041;6296729;6395778;5946053;4171177;4393870;1697979;2074972;2411552;2194111;2901537;3877961;4348748;2330798
402908;Dodatki poslancem in državnim svetnikom;681401;927569;1027990;1079104;1122149;38321;460032;628060;650064;661226;696404;717354;728339;747175;695755;653484;652500;664679;663237;687407;653923;483374
402909;Stroški sodišč v sodnih postopkih;3349754;5021422;5859614;7789424;9076491;9570391;13027343;14428246;12580447;12931915;12896512;14173569;16777412;17216613;17269462;14299789;22457634;20126972;17825812;19509625;20136465;16167144
402910;Plačila za delo zaprtih oseb;80011;84217;118149;151450;146429;160305;167357;181270;195151;210318;250142;249485;255752;288413;290957;211441;303041;319602;320064;350179;357244;277153
402911;Davek na izplačane plače;0;0;0;0;0;0;0;0;0;0;0;0;0;0;0;0;0;0;0;0;0;0
402912;Posebni davek na določene prejemke;106922;126594;331117;675594;1303934;791868;899049;778206;857350;2116650;1193107;1023254;958101;800167;513589;297540;361317;292067;319096;419537;491538;386411
402920;Sodni stroški, storitve odvetnikov, sodnih izvedencev, tolmačev, notarjev in drugih;1535602;908377;1585194;1691741;1491765;1497164;2111544;2380526;4757026;5557792;6449607;6586496;5882428;6360287;6252035;7023045;6467713;5637786;6821608;4085554;4713684;3623198
402921;Članarine v mednarodnih organizacijah;3345561;4937964;4409613;8947544;12931137;20165641;8649156;11996528;10179208;14263431;8691768;17594824;12301399;11115646;16654976;19023088;25522588;17083168;28379653;21015874;15338423;11269424
402922;Članarine v domačih neprofitnih institucijah;10987;9515;10657;13023;10229;8472;11980;9416;13887;14017;6178;4383;7917;4552;2000;1555;1915;2714;2732;1848;1187;766
402923;Druge članarine;64951;26210;10629;103519;165513;70568;54489;44010;74354;45992;52030;105267;32333;59754;54025;44161;41286;84394;55714;55906;89690;59268
402930;Plačilo storitev organizacijam, pooblaščenim za plačilni promet;844624;6634564;13728867;15233627;10032991;573503;658886;576962;609945;561133;655832;687124;636809;649154;700124;538817;536900;489367;499880;563609;526275;446579
402931;Plačila bančnih storitev;762031;1171053;2148988;3981421;3464390;3109406;7214760;2898981;1328797;16924718;3318126;5628636;1902518;909079;830535;352570;607853;462144;489306;437127;533496;323963
402932;Stroški, povezani z zadolževanjem;5170881;2292837;2676427;2870758;1696766;1543864;2014333;1736521;1688254;2774717;2332705;4597943;4643760;6445259;21724904;32262504;9256519;14315973;12854636;13141789;11923329;4601948
402934;Plačila storitev Finančni upravi RS;0;509;9818;12199;5;452;1624;16305;1762;1494;4861;669;6834;21736;7816;15622;3618;1857;668;382;197;1241
402935;Stroški plačilnega agenta;4630;290781;387511;177926;100092;38700;26180;10615;16884;24057;25877;3524682;37144;1574544;3016372;3228143;6099550;7734903;8152597;8043857;12997963;6592918
402936;Plačilo stroškov kotacije na borzi;52089;33140;6554;24829;45015;56099;62493;75003;89139;73740;40747;34372;35040;36480;47691;41358;52575;57135;55996;63092;60144;48940
402937;Stroški davčnih postopkov;0;0;0;0;0;0;0;25117;14973;81513;237408;85199;126647;139738;144163;358188;190721;281066;198805;226543;299009;278470
402938;Prejemki zunanjih sodelavcev;0;0;0;0;0;0;0;1455665;592318;4025275;3444707;1693186;2770380;4163287;3759875;480222;3346282;1558428;761489;4159189;2697735;1516156
402939;Stroški strokovnih komisij;0;0;0;0;0;0;0;2776918;1871122;2752212;3419130;2580982;2768771;4776032;3457245;2233782;2958392;1332077;1889595;2919644;3348272;1839045
402940;Prispevki za vzpodbujanje zaposlovanja invalidov po ZZRZI;0;0;0;0;0;0;0;0;358142;399885;362059;387347;430488;588939;459417;410626;430315;445745;400556;406830;423823;302905
402941;Izdatki za izobraževanje z informacijskega področja;0;0;0;0;0;0;0;0;0;431932;697390;739963;532728;1360273;459452;208987;210424;255563;126185;228158;143677;125954
402942;Izdatki za strokovno izobraževanje zaposlenih (po pogodbah o izobraževanju);0;0;0;0;0;0;0;0;0;347634;374285;331609;440574;227243;288915;94161;43467;26221;160537;102482;82698;44377
402943;Stroški EU sodelavcev;0;0;0;0;0;0;0;0;0;0;1137163;5380;4018;111;180;150;747;9911;0;0;0;0
402944;Dajatve na področju odmernih odločb FURS;0;0;0;0;0;0;0;0;0;0;0;0;7918;10280;26170;62422;22;50437;4575;1562;79451;2441
402945;Davek na nepremičnine;0;0;0;0;0;0;0;0;0;0;0;0;0;0;0;0;0;0;0;27;0;149
402999;Drugi operativni odhodki;28570242;32187107;26286643;29952174;30070001;27712792;23635923;23562803;27234262;29066589;33034456;37202845;36986127;35473086;33801624;35578345;30498848;34380452;41958596;50474082;52955214;37753375
;;;;;;;;;;;;;;;;;;;;;;;
403;Plačila domačih obresti;115708924;129409989;142899739;150949755;205031014;244783831;242805926;249513650;281995967;257723030;205856055;208671602;379552358;444057007;564449901;591714077;656695416;579242325;628782675;723772160;693243562;626487397
;;;;;;;;;;;;;;;;;;;;;;;
4030;Plačila obresti od kreditov - Banki Slovenije;0;0;0;0;0;0;0;0;0;0;0;0;0;0;0;0;0;0;0;0;0;0
403000;Plačila obresti od kratkoročnih kreditov - Banki Slovenije;0;0;0;0;0;0;0;0;0;0;0;0;0;0;0;0;0;0;0;0;0;0
;;;;;;;;;;;;;;;;;;;;;;;
4031;Plačila obresti od kreditov - poslovnim bankam;13223679;21063289;21435909;25488175;35711442;35205466;25299806;16611491;12225031;13207196;10715070;6921752;4648133;2628538;2406321;20076942;16744000;16330684;8885720;5516775;4246768;2346491
403100;Plačila obresti od kratkoročnih kreditov - poslovnim bankam;0;0;37437;2138391;852467;0;0;78834;0;0;1128;0;0;0;0;0;0;0;0;0;0;0
403101;Plačila obresti od dolgoročnih kreditov - poslovnim bankam;0;0;21398421;23349784;34858975;35205466;25299806;16532657;12225031;13207196;10713942;6921752;4648133;2628538;2406321;20076942;16744000;16330684;8885720;5516775;4246768;2346491
403199;Plačila obresti od kreditov-poslovnim bankam;13223679;21063289;51;0;0;0;0;0;0;0;0;0;0;0;0;0;0;0;0;0;0;0
;;;;;;;;;;;;;;;;;;;;;;;
4032;Plačila obresti od kreditov - drugim finančnim institucijam;24637;0;0;0;2036628;528653;526772;741159;1042755;1177250;816239;157231;78107;122370;37752;21444;27152;16070;17942;137303;265415;256465
403200;Plačila obresti od kratkoročnih kreditov - drugim finančnim institucijam;0;0;0;0;0;0;0;0;0;0;0;0;0;0;0;0;0;0;0;0;0;0
403201;Plačila obresti od dolgoročnih kreditov - drugim finančnim institucijam;0;0;0;0;0;0;0;0;0;0;0;0;78107;122370;37752;21444;27152;16070;17942;137303;265415;256465
;;;;;;;;;;;;;;;;;;;;;;;
4033;Plačila obresti od kreditov - drugim domačim kreditodajalcem;1658635;9633;11542;105778;105319;29761;3959333;3334773;5637100;1431278;227412;43919;1835;1585;1659946;997808;705781;169469;9925;0;0;0
403300;Plačila obresti od kratkoročnih kreditov - občinam;0;1787;1297;1562;105285;29754;0;0;0;0;0;0;0;0;0;0;0;0;0;0;0;0
403301;Plačila obresti od dolgoročnih kreditov - občinam;81;140;81;0;0;0;0;0;0;0;0;0;0;0;0;0;0;0;0;0;0;0
403302;Plačila obresti od kratkoročnih kreditov - skladom socialnega zavarovanja;11044;7368;10164;103358;0;0;0;0;0;0;0;0;0;0;0;0;0;0;0;0;0;0
403303;Plačila obresti od dolgoročnih kreditov - skladom socialnega zavarovanja;1647510;338;0;0;0;0;0;0;0;0;0;0;0;0;0;0;0;0;0;0;0;0
403304;Plačila obresti od kratkoročnih kreditov - javnim skladom;0;0;0;0;0;0;0;0;0;0;0;0;0;0;0;0;0;0;0;0;0;0
403305;Plačila obresti od dolgoročnih kreditov - javnim skladom;0;0;0;0;0;0;0;0;0;0;0;0;0;0;0;0;0;0;0;0;0;0
403306;Plačila obresti od kratkoročnih kreditov - državnemu proračunu;0;0;0;0;0;0;0;0;0;0;0;0;0;0;0;0;0;0;0;0;0;0
403307;Plačila obresti od dolgoročnih kreditov - državnemu proračunu;0;0;0;0;0;0;0;0;0;0;0;0;0;0;0;0;0;0;0;0;0;0
403308;Plačila obresti od kratkoročnih kreditov - drugim domačim kreditodajalcem;0;0;0;857;34;7;3959333;3334773;1579692;1431278;227412;43919;1835;1585;0;0;0;0;0;0;0;0
403309;Plačila obresti od dolgoročnih kreditov - drugim domačim kreditodajalcem;0;0;0;0;0;0;0;0;4057408;0;0;0;0;0;1659946;997808;705781;169469;9925;0;0;0
403310;Plačila obresti od kratkoročnih kreditov - javnim agencijam;0;0;0;0;0;0;0;0;0;0;0;0;0;0;0;0;0;0;0;0;0;0
403311;Plačila obresti od dolgoročnih kreditov - javnim agencijam;0;0;0;0;0;0;0;0;0;0;0;0;0;0;0;0;0;0;0;0;0;0
;;;;;;;;;;;;;;;;;;;;;;;
4034;Plačila obresti od vrednostnih papirjev izdanih na domačem trgu;100801972;108337067;121452287;125355802;167177625;209019951;213020015;228826227;263091081;241907306;194097334;201548701;374824283;441304513;560345882;570617883;639218482;562726102;619869088;718118082;688731379;623884441
403400;Plačila obresti od kratkoročnih vrednostnih papirjev - zadolžnice;0;0;2576007;2565872;177088;0;0;0;0;0;0;0;0;0;0;0;0;0;0;0;0;0
403401;Plačila obresti od kratkoročnih vrednostnih papirjev - enomesečne zakladne menice;0;34823216;68290;3677831;6592031;5695498;331955;0;0;0;0;0;0;0;0;0;0;0;0;0;0;0
403402;Plačila obresti od kratkoročnih vrednostnih papirjev - trimesečne zakladne menice;0;0;4556868;4924538;6086309;5154365;3685658;3221046;2970418;3126501;4662000;1030439;160743;242584;1374234;383399;73237;550;0;0;0;0
403403;Plačila obresti od kratkoročnih vrednostnih papirjev - šestmesečne zakladne menice;3079579;2411791;3907450;3057386;3928766;5509872;3657404;3215202;3033804;4432001;0;1299592;0;0;3809190;5004121;1228766;39686;450;0;0;0
403404;Plačila obresti od kratkoročnih vrednostnih papirjev - dvanajstmesečne zakladne menice;0;858615;2622050;6464683;6464683;10746276;7749547;6387129;5731311;5887004;0;0;10513152;0;0;9068770;9839323;6178496;452613;0;0;0
403405;Plačila obrod vrednpapirjev-drugim domačim kreditodajem;97722393;70243446;0;0;0;0;0;0;0;0;0;0;0;0;0;0;0;0;0;0;0;0
403406;Plačila obresti od kratkoročnih vrednostnih papirjev - devetmesečne zakladne menice;0;0;0;0;0;0;0;0;0;0;0;0;0;0;0;0;1028601;0;0;0;0;0
403409;Plačila obresti od drugih kratkoročnih vrednostnih papirjev, izdanih na domačem trgu;0;0;14070478;126978;0;0;0;0;0;0;0;0;0;0;0;0;0;0;0;0;0;0
403410;Plačila obresti od dolgoročnih vrednostnih papirjev, izdanih na domačem trgu;0;0;93651144;104538513;143928747;181913941;197595451;216002850;251355547;228461799;189435334;199218670;364150389;441061929;555162458;556161593;627048556;556507370;619416025;718118082;688731379;620613565
403411;Obresti od izvedenih finančnih instrumentov;0;0;0;0;0;0;0;0;0;0;0;0;0;0;0;0;0;0;0;0;0;3270876
;;;;;;;;;;;;;;;;;;;;;;;
4035;Plačila obresti subjektom, vključenim v sistem EZR;0;0;0;0;0;0;0;0;0;0;0;0;0;0;0;0;0;0;0;0;0;0
403500;Plačila obresti na stanja podračunov EZR subjektom, vključenim v sistem EZR;0;0;0;0;0;0;0;0;0;0;0;0;0;0;0;0;0;0;0;0;0;0
403510;Plačila obresti na vloge subjektom, vključenim v sistem EZR;0;0;0;0;0;0;0;0;0;0;0;0;0;0;0;0;0;0;0;0;0;0
;;;;;;;;;;;;;;;;;;;;;;;
404;Plačila tujih obresti;56266036;81119899;108570278;145512011;132628748;130954957;129485254;118229554;90044553;93129649;120280254;117774759;97138756;66572120;68065731;235264105;425896391;449594516;435272129;253496965;167329493;70990332
;;;;;;;;;;;;;;;;;;;;;;;
4040;Plačila obresti od kreditov - mednarodnim finančnim institucijam;14360887;16596467;18424674;18783696;16087249;13254968;10793889;10987584;10080159;8474006;5974508;3858496;2951256;2384620;1934352;1485773;9660778;12938908;12738248;13743609;13373449;8966695
404000;Plačila obresti od kratkoročnih kreditov - mednarodnim finančnim institucijam;0;0;0;0;0;0;0;0;0;0;0;0;0;0;0;0;0;0;0;0;0;0
404001;Plačila obresti od dolgoročnih kreditov - mednarodnim finančnim institucijam;0;0;18424674;18783696;16087249;13254968;10793889;10987584;10080159;8474006;5974508;3858496;2951256;2384620;1934352;1485773;9660778;12938908;12738248;13743609;13373449;8966695
;;;;;;;;;;;;;;;;;;;;;;;
4041;Plačila obresti od kreditov - tujim vladam;3906263;2136722;757766;447637;187219;107575;44051;0;0;0;0;0;0;0;0;0;0;0;0;0;0;0
404100;Plačila obresti od kratkoročnih kreditov - tujim vladam;0;0;0;0;0;0;0;0;0;0;0;0;0;0;0;0;0;0;0;0;0;0
404101;Plačila obresti od dolgoročnih kreditov - tujim vladam;0;0;757766;447637;187219;107575;44051;0;0;0;0;0;0;0;0;0;0;0;0;0;0;0
;;;;;;;;;;;;;;;;;;;;;;;
4042;Plačila obresti od kreditov - tujim poslovnim bankam in finančnim institucijam;6862775;9033657;16040150;13604934;9051813;7326154;5895586;5783579;5676905;778143;618246;228763;0;0;0;0;0;0;0;0;0;0
404200;Plačila obresti od kratkoročnih kreditov - tujim poslovnim bankam in finančnim institucijam;0;0;1714328;0;0;0;0;0;0;0;0;0;0;0;0;0;0;0;0;0;0;0
404201;Plačila obresti od dolgoročnih kreditov - tujim poslovnim bankam in finančnim institucijam;0;0;14325822;13604934;9051813;7326154;5895586;5783579;5676905;778143;618246;228763;0;0;0;0;0;0;0;0;0;0
;;;;;;;;;;;;;;;;;;;;;;;
4043;Plačila obresti od kreditov - drugim tujim kreditodajalcem;31136110;53353053;0;0;0;0;0;0;0;0;0;0;0;0;0;0;0;0;0;0;0;0
404300;Plačila obresti od kratkoročnih kreditov - drugim tujim kreditodajalcem;0;0;0;0;0;0;0;0;0;0;0;0;0;0;0;0;0;0;0;0;0;0
404301;Plačila obresti od dolgoročnih kreditov - drugim tujim kreditodajalcem;0;0;0;0;0;0;0;0;0;0;0;0;0;0;0;0;0;0;0;0;0;0
;;;;;;;;;;;;;;;;;;;;;;;
4044;Plačila obresti od vrednostnih papirjev, izdanih na tujih trgih;0;0;73347688;112675745;107302467;110266261;112751728;101458391;74287489;83877500;113687500;113687500;94187500;64187500;66131378;233778332;416235613;436655607;422533881;239753357;153956044;62023637
404400;Plačila obresti od kratkoročnih vrednostnih papirjev, izdanih na tujih trgih;0;0;0;0;0;0;0;0;0;0;0;0;0;0;0;0;0;0;0;0;0;0
404401;Plačila obresti od dolgoročnih vrednostnih papirjev, izdanih na tujih trgih;0;0;73347688;112675745;107302467;110266261;112751728;101458391;74287489;83877500;113687500;113687500;94187500;64187500;66131378;233778332;416235613;436655607;422533881;239753357;153956044;62023637
;;;;;;;;;;;;;;;;;;;;;;;
405;Prenos proračunu pripadajočega dela rezultata poslovanja sistema EZR preteklega leta;0;0;0;0;0;0;0;0;0;0;0;0;0;0;0;0;0;0;0;0;0;0
;;;;;;;;;;;;;;;;;;;;;;;
4050;Prenos proračunu pripadajočega dela rezultata poslovanja sistema EZR preteklega leta;0;0;0;0;0;0;0;0;0;0;0;0;0;0;0;0;0;0;0;0;0;0
405000;Prenos proračunu pripadajočega dela rezultata poslovanja sistema EZR preteklega leta;0;0;0;0;0;0;0;0;0;0;0;0;0;0;0;0;0;0;0;0;0;0
;;;;;;;;;;;;;;;;;;;;;;;
409;Rezerve;39966437;39092975;47618393;32680476;35235031;69767288;37452198;40331014;43638738;67947915;89203479;18223340;25204794;49535997;31268309;109476781;68443193;179017930;151211277;157452217;265208515;126700096
;;;;;;;;;;;;;;;;;;;;;;;
4090;Splošna proračunska rezervacija;0;0;0;0;0;0;0;0;0;0;0;0;0;0;0;0;0;0;0;0;0;0
409000;Splošna proračunska rezervacija;0;0;0;0;0;0;0;0;0;0;0;0;0;0;0;0;0;0;0;0;0;0
;;;;;;;;;;;;;;;;;;;;;;;
4091;Proračunska rezerva;39966437;39092975;47618393;32680476;30588651;48533243;9589087;28394411;26338659;45707848;54146659;5654193;3779152;30690122;18896559;32747594;18896559;54121599;5121599;17833429;19401952;3753000
409100;Proračunska rezerva;39966437;39092975;47618393;32680476;30588651;48533243;9589087;28394411;26338659;45707848;54146659;5654193;3779152;30690122;18896559;32747594;18896559;54121599;5121599;17833429;19401952;3753000
;;;;;;;;;;;;;;;;;;;;;;;
4092;Druge rezerve;0;0;0;0;0;0;0;0;0;0;0;0;0;0;0;0;0;0;0;11899200;13737200;0
409299;Druge rezerve;0;0;0;0;0;0;0;0;0;0;0;0;0;0;0;0;0;0;0;11899200;13737200;0
;;;;;;;;;;;;;;;;;;;;;;;
4093;Sredstva za posebne namene;0;0;0;0;4646380;21234045;27863111;11936603;17300079;22240067;35056820;12569147;21425642;18845875;12371750;76729187;49546634;124896331;146089678;127719588;232069363;122947096
409300;Sredstva proračunskih skladov;0;0;0;0;4646380;21234045;27863111;11936603;17300079;22240067;35056820;12569147;21425642;18845875;12371750;76729187;49546634;124896331;146089678;127719588;232069363;122947096
;;;;;;;;;;;;;;;;;;;;;;;
4098;Rezervacije za kreditna tveganja v javnih skladih;0;0;0;0;0;0;0;0;0;0;0;0;0;0;0;0;0;0;0;0;0;0
409800;Rezervacije za kreditna tveganja v javnih skladih;0;0;0;0;0;0;0;0;0;0;0;0;0;0;0;0;0;0;0;0;0;0