0;TEKOČI TRANSFERI;2177875738;2413284256;2559787692;2971187397;3320031135;3643919071;4017221619;4357042820;4521420624;4306787381;4625788504;5311259911;5390578660;5608396870;5347123971;5346960557;5214723664;5034396887;4992254193;5136207843;5071558586;3969103351
;;;;;;;;;;;;;;;;;;;;;;;
410;Subvencije;188125721;243582899;220222804;236904013;236457863;268632952;303204359;364294143;383072202;403473692;454522346;573399494;551600249;459374731;455290593;472228719;423071448;356521541;352187043;380442403;395631793;294494369
;;;;;;;;;;;;;;;;;;;;;;;
4100;Subvencije javnim podjetjem;76536285;80276450;63194337;52921072;54944847;59449536;67210568;68575027;77681516;77540782;74475658;68689595;69772768;66337753;64665938;62022496;66514147;63810912;63918350;67175538;67582869;41429336
410000;Subvencioniranje cen javnim podjetjem in drugim izvajalcem gospodarskih javnih služb;35934610;329353;43993995;24514356;23698637;24453424;34343870;37420507;39925632;44123133;38272038;42304790;48900000;48373984;45566287;56084286;56004131;56773237;48000000;50000000;54850916;37895067
410001;Subvencioniranje obresti javnim podjetjem;3835525;1390676;0;0;0;0;0;0;0;0;0;0;0;0;0;0;0;0;0;0;0;0
410002;Subvencioniranje prispevkov za socialno varnost javnim podjetjem;27369;0;76365;0;0;0;0;0;0;0;0;0;0;0;0;0;0;0;0;0;0;0
410003;Sredstva za preusposabljanje presežnih delavcev v javnih podjetjih;2638585;570813;76059;2613;0;0;0;0;0;0;0;0;0;0;0;0;0;0;0;0;0;0
410004;Pokrivanje izgub javnim podjetjem;0;0;0;0;0;0;0;0;0;0;0;0;0;0;0;0;0;0;0;0;0;0
410005;Sredstva za prestrukturiranje in prenovo proizvodnje v javnih podjetjih;0;0;0;0;0;0;0;0;0;0;0;0;0;0;0;0;0;326420;0;0;0;0
410006;Sredstva za zapiranje proizvodnje v javnih podjetjih;4704041;6024444;6817318;16536336;28471240;28497307;29760142;27753244;32280668;30368021;28977385;22555697;16537808;14540396;8220848;5693210;10310017;6245727;15822726;17095243;12686399;3496635
410007;Subvencioniranje glavnic dolga javnih podjetij;6325154;0;0;0;0;0;0;0;0;0;0;0;0;0;0;0;0;0;0;0;0;0
410015;Sredstva za izvajanje ekoloških programov v javnih podjetjih;0;1596804;787014;3710094;0;0;0;0;0;0;0;0;0;0;0;0;0;0;0;0;0;0
410099;Druge subvencije javnim podjetjem;23071002;70364359;11443586;8157673;2774970;6498806;3106557;3401277;5475215;3049628;7226235;3829108;4334960;3423373;10878802;245000;200000;465528;95624;80296;45554;37634
;;;;;;;;;;;;;;;;;;;;;;;
4101;Subvencije finančnim institucijam;0;0;0;0;0;0;0;14671294;0;3187335;3205066;3179102;3241358;0;0;155;0;0;0;0;0;0
410101;Subvencioniranje obresti finančnim institucijam;0;0;0;0;0;0;0;0;0;0;0;0;0;0;0;0;0;0;0;0;0;0
410104;Pokrivanje izgub finančnim institucijam;0;0;0;0;0;0;0;0;0;0;0;0;0;0;0;0;0;0;0;0;0;0
410199;Druge subvencije finančnim institucijam;0;0;0;0;0;0;0;14671294;0;3187335;3205066;3179102;3241358;0;0;155;0;0;0;0;0;0
;;;;;;;;;;;;;;;;;;;;;;;
4102;Subvencije privatnim podjetjem in zasebnikom;111589436;163306449;157028466;183982941;181513016;209183416;235993791;281047822;305390686;322745576;376841622;501530798;478586123;393036978;390624656;410206067;356557300;292710629;288268693;313266864;328048924;253065033
410200;Subvencioniranje cen privatnim podjetjem in zasebnikom;20857758;29333582;7164825;986525;3302451;3447338;2812713;219664;2617484;3249300;223316;397123;230285;7151554;1600776;245291;946730;68739;533274;1473158;2245805;255900
410201;Subvencioniranje obresti privatnim podjetjem in zasebnikom;4782121;6020544;3567938;3771754;3774385;3864144;3481;1210;1460524;1500000;1230000;500000;1853321;4603685;4980586;4466089;3327330;2538988;1909237;1228876;809922;495307
410202;Subvencioniranje prispevkov za socialno varnost privatnim podjetjem;642294;3257058;11391265;17925238;16728052;6469789;1935782;180767;17431;18546;224614;362123;253443;412967;548529;365862;195468;330234;855783;1050197;840248;365188
410203;Sredstva za preusposabljanje presežnih delavcev privatnim podjetjem;0;0;0;544518;1621504;1143833;1162622;999513;1456787;486461;26539;10201;0;0;0;0;0;0;0;0;0;0
410204;Pokrivanje izgub privatnim podjetjem;0;0;23210;0;0;0;0;0;0;0;0;0;0;0;0;0;0;0;0;0;0;0
410205;Sredstva za prestrukturiranje in prenovo proizvodnje v privatnih podjetjih;996499;1176213;6937227;654972;33000;7697634;12788000;2850342;1065310;176187;560762;734507;1242013;1352856;627774;346187;228989;0;0;0;0;0
410206;Sredstva za zapiranje proizvodnje v privatnih podjetjih;5172312;4571440;4127379;3037056;3714060;1314;0;0;0;0;0;840;0;0;0;0;0;0;0;0;0;0
410207;Regresiranje tekoče proizvodnje v privatnih podjetjih;858162;0;835;5172;13771;7582;0;0;0;0;0;0;0;0;0;0;0;0;0;0;0;0
410208;Sredstva za pripravo brezposelnih na zaposlitev v privatnih podjetjih;14219531;15803643;8643092;9143407;2703856;2868433;3468593;3430567;4848555;1211833;6768000;6518500;5512826;3705792;0;0;0;0;467562;1748515;1679852;1965400
410209;Sredstva za preusposabljanje zaposlenih v privatnih podjetjih;1065746;207231;555209;735771;65900;663898;1087818;999015;1864879;3348440;686588;7611111;2770327;160556;0;552;0;0;0;0;5813;0
410210;Sredstva za zaposlovanje invalidnih oseb v privatnih podjetjih;4715406;7504448;7496161;9345109;5019758;5792460;6870068;6545329;3806163;58232;0;0;0;0;0;149449;0;0;0;0;0;601
410211;Sredstva za izvajanje javnih del v privatnih podjetjih;12060939;26986773;22056008;22197182;20329977;21832827;17839033;18312365;16843599;13871967;14672227;16569940;36250265;18442969;19488806;27675408;37933950;35288741;2690843;2411177;2115480;906070
410212;Sredstva za delovna mesta v privatnih podjetjih;4437206;3952015;1450889;2252572;4089361;12263296;15793425;9402381;3160393;1049555;2285462;983087;391778;1153919;568528;1231309;0;0;88488;91105;18525;7125
410213;Sredstva za spodbujanje izvoznih aktivnosti v privatnih podjetjih;13704578;25279426;21844444;31602943;23965823;25711085;24217110;5350644;4172742;2547698;973723;733022;668773;541219;261421;2384;0;0;0;0;0;0
410214;Sredstva za pospeševanje tehnološkega razvoja v privatnih podjetjih;3080524;7533279;6113116;9068710;14867903;14106208;15966789;17103388;15960518;17295554;17855224;41827352;69542362;50259681;23697126;27059031;27790958;9984703;3678311;3037998;2468623;1478415
410215;Sredstva za izvajanje ekoloških programov v privatnih podjetjih;223070;1807404;1338357;3679119;1863040;0;0;0;382;550;25037;4000000;0;0;0;3975250;0;0;0;0;0;0
410216;Subvencioniranje glavnic dolga privatnim podjetjem;0;0;0;0;0;0;0;0;0;0;37850;0;0;0;0;0;0;0;0;0;0;0
410217;Kompleksne subvencije v kmetijstvu;0;11092471;37994581;59199744;73185439;79557531;95987339;183332570;219980455;229425564;303093427;303469240;237288105;236433381;256148500;248056202;222055945;216405019;238719972;231931830;229650177;192603237
410218;Subvencioniranje turističnih programov in promocijskih aktivnosti;0;0;0;18656;15404;35628;0;196102;173187;8181;0;1209617;0;520099;317689;507776;31454;21000;35000;1106359;3323164;1173256
410219;Subvencioniranje standardov kakovosti;0;0;0;27708;0;0;0;0;0;0;0;0;0;0;0;0;0;0;0;0;0;0
410299;Druge subvencije privatnim podjetjem in zasebnikom;24773291;18780922;16323932;9786784;6219331;23720416;36061016;32123964;27962278;48497509;28178853;116604136;122582624;68298300;82384921;96125277;64046476;28073206;39290225;69187650;84891316;53814535
;;;;;;;;;;;;;;;;;;;;;;;
411;Transferi posameznikom in gospodinjstvom;530931010;582656211;628518417;689524228;745912799;838647745;897220658;936081739;969123726;961618745;1041254978;1267706589;1344018741;1449912740;1375662787;1241922836;1197768358;1183994357;1212526175;1261134965;1303691569;1082817284
;;;;;;;;;;;;;;;;;;;;;;;
4110;Transferi nezaposlenim;121331888;120249114;101511632;101936305;94811470;98886723;97499125;104733821;111878404;96115442;91544508;176439941;216316044;286251466;263142604;260247476;209170139;184083072;176886299;168579953;160431021;122268285
411000;Denarno nadomestilo;115438037;116462814;94162121;93060402;83647773;84224589;80643007;86145732;92564888;87499515;85502645;165615319;199845211;270354693;258101040;251891738;198111793;175009582;172415140;162284714;152332503;115634244
411001;Denarno nadomestilo v enkratnem znesku;25695;0;0;0;21606;141800;0;0;0;0;0;0;0;0;0;0;0;0;0;0;0;0
411002;Denarna pomoč;5405647;3781341;5004188;6196978;8585861;10202938;10616911;11087012;10428966;3267279;399658;73675;14164;4796;804;0;0;0;0;0;0;0
411003;Drugi transferi nezaposlenim;0;0;0;0;0;0;0;0;0;0;0;0;0;0;0;0;0;0;0;0;0;0
411099;Drugi transferi nezaposlenim;462509;4959;2345322;2678925;2556230;4317397;6239207;7501077;8884550;5348649;5642205;10750947;16456670;15891978;5040760;8355738;11058346;9073490;4471159;6295240;8098517;6634041
;;;;;;;;;;;;;;;;;;;;;;;
4111;Družinski prejemki in starševska nadomestila;212173516;255561793;306861177;340078907;364781382;395901049;413386300;434496587;459034974;488825285;558854761;603937464;617623210;630473425;578781841;521184902;499571533;494099958;498805786;507355455;531460058;428437468
411100;Otroški dodatek;110624728;146719619;185481572;200115845;213097099;229351049;233940188;236483173;241109265;245811678;275706554;287206776;289562424;293738066;249134697;221212952;217470787;220401873;227985919;234510101;245895095;187702532
411101;Dodatek za nego otroka;2700069;2633650;2991423;3399020;4791619;5778536;5887104;6111179;6445176;6816661;7583174;8059908;8246052;8362033;8504607;8467746;8542811;8545584;8993352;9537360;10149311;8107079
411102;Dodatek za veliko družino;0;0;0;0;2497392;5449914;7993218;8339680;9344668;10051451;10695269;11302714;11850403;12082453;11451196;10393192;10325890;10526058;10639420;10855545;11036610;12087499
411103;Darilo ob rojstvu otroka;2376759;1874076;2107071;2122503;3688514;3686510;4269961;4313665;4664215;5062553;5716502;5933937;6154556;6059353;4312881;4417882;4432037;4395739;4477485;4450882;6061164;4053598
411104;Starševsko nadomestilo;93680707;101823901;113754235;131832969;137578008;146271975;154545689;171950704;189366344;212425686;249904349;282007452;291975804;299347308;293925680;262779383;243896630;233786640;230190352;231726993;243104672;205834607
411105;Očetovsko nadomestilo;0;0;0;0;0;0;0;0;0;0;0;0;0;0;0;0;0;0;0;0;0;0
411106;Nadomestilo za nego in varstvo otroka;0;0;0;0;-12;0;0;0;0;0;0;0;0;0;0;0;0;0;0;0;0;0
411107;Posvojiteljsko nadomestilo;0;0;0;0;0;0;0;0;0;0;0;0;0;0;0;0;0;0;0;0;0;0
411108;Starševski dodatek;2791254;2510547;2526876;2608570;3128762;4651449;5349407;5520574;5963992;6110454;6296191;6149758;6174721;6125855;6298020;8338635;9218605;10584833;10565974;10157850;8984644;5790841
411109;Drugi družinski prejemki;0;0;0;0;0;0;0;0;0;0;0;0;0;0;0;0;0;0;0;0;0;0
411199;Drugi družinski prejemki;0;0;0;0;0;711616;1400733;1777613;2141315;2546803;2952721;3276920;3659251;4758356;5154759;5575112;5684773;5859231;5953285;6116725;6228563;4861311
;;;;;;;;;;;;;;;;;;;;;;;
4112;Transferi za zagotavljanje socialne varnosti;52658826;56239016;62159122;73592794;98104385;136360645;161618373;167599489;165115787;143710202;135953203;170691094;178179692;175470450;216047292;200344042;221595474;242384787;252685644;272306777;305205632;297279500
411200;Denarni dodatek;36653986;38719610;43098442;32827022;1312774;719359;1951750;216175;495958;0;0;0;0;0;0;0;0;0;0;4083;0;16354
411201;Denarne pomoči kot edini vir;1462730;1514871;1530290;1362820;4483;0;0;0;0;0;0;0;0;0;0;0;0;0;0;0;0;0
411202;Sredstva za varstvo duševno in telesno prizadetih;10892774;12256806;13585963;15156949;17028867;18594541;20777474;21697775;22749795;23492569;24882902;25618737;25964610;26093297;26170789;26296234;26464003;26465383;26582172;39217695;37724028;41717783
411203;Zdravstveno zavarovanje prejemnikov edinega vira;227782;0;176030;220448;102672;104266;111920;118387;124088;122824;126226;144785;139587;135110;1114078;132430;130900;138545;130018;130622;131008;99148
411204;Zdravstveno zavarovanje duševno in telesno prizadetih;755922;1046231;927847;1034114;1194133;1323242;1554447;1534952;1614995;1622774;1697106;1744951;1771485;1780145;1784320;1775347;1772743;1778537;1790555;2741752;2386970;2751330
411205;Varstvo družin vojakov;12262;17623;26196;24382;20112;5211;0;0;0;0;0;0;0;0;0;0;0;0;0;0;0;0
411206;Varstveni dodatki k starostnim pokojninam;0;0;0;0;0;0;0;0;0;0;0;0;0;0;0;0;0;0;0;0;0;0
411207;Varstveni dodatki k invalidskim pokojninam;0;0;0;0;0;0;0;0;0;0;0;0;0;0;0;0;0;0;0;0;0;0
411208;Varstveni dodatki k družinskim pokojninam;0;0;0;0;0;0;0;0;0;0;0;0;0;0;0;0;0;0;0;0;0;0
411209;Dodatki k pokojninam, uveljavljenim v drugih republikah SFRJ;0;0;0;0;0;0;0;0;0;0;0;0;0;0;1;0;0;0;0;0;0;0
411210;Dodatki za pomoč in postrežbo;0;0;0;0;0;0;0;0;0;0;0;0;0;0;0;0;0;0;0;0;0;0
411211;Preživnine;0;0;0;0;0;0;0;0;0;0;0;0;0;0;0;0;0;0;0;0;0;0
411212;Invalidnine za telesno okvaro;2653369;2683874;0;0;0;0;0;0;0;0;0;0;0;0;0;0;0;0;0;0;0;0
411213;Denarna socialna pomoč;0;0;0;20146855;75529836;115614027;137222782;144031716;140130951;118442602;109220695;129369992;150269728;147461897;186978105;156175210;176255740;193783912;201445839;199262996;229046988;202174944
411214;Državne pokojnine;0;0;0;0;0;0;0;0;0;0;0;0;0;0;0;0;0;0;0;0;0;0
411215;Enkratni pokojninski dodatek;0;0;0;0;0;0;0;0;0;0;0;0;0;0;0;0;0;0;0;0;0;0
411216;Posebni dodatek za socialno ogrožene;0;0;0;0;0;0;0;0;0;0;0;13799708;2760;0;0;0;0;0;0;0;0;0
411217;Varstveni dodatek - socialno varstveni prejemek;0;0;0;0;0;0;0;0;0;0;0;0;0;0;0;15964821;16972087;18918494;19928353;27783367;32725060;28861217
411218;Dodatki k pokojninam;0;0;0;0;0;0;0;0;0;0;0;0;0;0;0;0;0;0;0;0;0;0
411219;Letni dodatek k pokojninam;0;0;0;0;0;0;0;0;0;0;0;0;0;0;0;0;0;0;0;0;0;0
411299;Drugi transferi za zagotavljanje socialne varnosti;0;0;2814354;2820205;2911507;0;0;484;0;29433;26274;12922;31521;0;0;0;0;1299916;2808706;3166262;3191578;21658724
;;;;;;;;;;;;;;;;;;;;;;;
4113;Transferi vojnim invalidom, veteranom in žrtvam vojnega nasilja;62287382;62066022;64950788;69449805;73954618;76481694;76093182;77413104;76920939;76755596;78308245;78312344;79460569;79493092;73978073;63628429;59524979;55531401;58572553;62040148;59957646;42242059
411300;Varstvo vojnih invalidov;23448141;24453386;25323999;26066952;26641667;26290961;25994541;25111184;24535994;23377117;22826330;21544191;20426595;19183309;16366233;16688377;15479605;14295224;13310284;12221913;11357585;7857778
411301;Varstvo vojnih veteranov;4470448;4789942;5424548;5759624;5792436;5926375;6671042;8465506;9381326;9896689;10441995;10477455;10831406;11640720;11664627;14653029;14001489;13210431;12832273;12232527;11093543;7864315
411302;Varstvo žrtev vojnega nasilja;22606353;16960596;17295542;18678759;20590055;21428669;21824924;21449152;21528674;20933325;20938360;20632641;21201382;20531776;17807215;18363027;17243500;16086525;15096922;14044505;13021920;9171845
411303;Republiške priznavalnine;261866;292442;283009;281555;260280;260655;259659;225592;204523;192779;164722;146707;129059;117109;103975;92482;84692;72889;67824;60014;48991;21324
411304;Sredstva za zdraviliško in klimatsko zdravljenje;1599698;2090712;1881168;2031459;1689833;1705001;2047812;1748344;2144970;1825609;2190571;1967993;1910551;2114121;786905;15027;0;0;0;0;0;0
411305;Sredstva iz naslova drugih zakonskih pravic na področju vojnih invalidov, vojnih veteranov in žrtev vojnega nasilja;9900875;13478943;14742522;16631455;18980347;20870033;19295204;20413326;19125453;20530078;21746267;23543358;24961575;25278359;26970778;13658099;12638161;11782427;17265250;23481189;24435607;17326797
411399;Drugi transferi vojnim invalidom, veteranom in žrtvam vojnega nasilja;0;0;0;0;0;0;0;0;0;0;0;0;0;627698;278339;158389;77533;83905;0;0;0;0
;;;;;;;;;;;;;;;;;;;;;;;
4114;Pokojnine;0;0;0;0;0;0;0;0;0;0;0;0;0;0;0;0;0;0;0;0;0;0
411400;Starostne pokojnine;0;0;0;0;0;0;0;0;0;0;0;0;0;0;0;0;0;0;0;0;0;0
411401;Invalidske pokojnine;0;0;0;0;0;0;0;0;0;0;0;0;0;0;0;0;0;0;0;0;0;0
411402;Družinske pokojnine;0;0;0;0;0;0;0;0;0;0;0;0;0;0;0;0;0;0;0;0;0;0
411403;Kmečke pokojnine;0;0;0;0;0;0;0;0;0;0;0;0;0;0;0;0;0;0;0;0;0;0
411404;Vojaške pokojnine;0;0;0;0;0;0;0;0;0;0;0;0;0;0;0;0;0;0;0;0;0;0
411405;Pokojnine, uveljavljene v drugih republikah bivše SFRJ;0;0;0;0;0;0;0;0;0;0;0;0;0;0;0;0;0;0;0;0;0;0
411406;Pokojnine, nakazane v druge republike bivše SFRJ;0;0;0;0;0;0;0;0;0;0;0;0;0;0;0;0;0;0;0;0;0;0
411407;Pokojnine, nakazane v tujino;0;0;0;0;0;0;0;0;0;0;0;0;0;0;0;0;0;0;0;0;0;0
411408;Dodatek za rekreacijo upokojencem;0;0;0;0;0;0;0;0;0;0;0;0;0;0;0;0;0;0;0;0;0;0
411409;Državne pokojnine;0;0;0;0;0;0;0;0;0;0;0;0;0;0;0;0;0;0;0;0;0;0
411410;Vdovske pokojnine;0;0;0;0;0;0;0;0;0;0;0;0;0;0;0;0;0;0;0;0;0;0
411499;Druge pokojnine;0;0;0;0;0;0;0;0;0;0;0;0;0;0;0;0;0;0;0;0;0;0
;;;;;;;;;;;;;;;;;;;;;;;
4115;Nadomestila plač;48760;20992;0;0;50738;0;0;0;0;0;0;0;0;0;0;0;0;0;0;0;0;0
411500;Delna nadomestila;0;0;0;0;0;0;0;0;0;0;0;0;0;0;0;0;0;0;0;0;0;0
411501;Nadomestila za invalidnost;0;0;0;0;0;0;0;0;0;0;0;0;0;0;0;0;0;0;0;0;0;0
411502;Začasna nadomestila;0;0;0;0;0;0;0;0;0;0;0;0;0;0;0;0;0;0;0;0;0;0
411503;Nadomestila za čas poklicne rehabilitacije;0;0;0;0;0;0;0;0;0;0;0;0;0;0;0;0;0;0;0;0;0;0
411504;Druga nadomestila plač;0;0;0;0;0;0;0;0;0;0;0;0;0;0;0;0;0;0;0;0;0;0
411599;Druga nadomestila iz invalidskega zavarovanja;48760;20992;0;0;50738;0;0;0;0;0;0;0;0;0;0;0;0;0;0;0;0;0
;;;;;;;;;;;;;;;;;;;;;;;
4116;Boleznine;0;0;0;0;0;0;0;0;0;0;0;0;0;0;0;0;15900;13920;15590;27400;26990;25579
411600;Boleznine nad 30 dni, izplačane iz obveznega zdravstvenega zavarovanja;0;0;0;0;0;0;0;0;0;0;0;0;0;0;0;0;0;0;0;0;0;0
411699;Druge boleznine;0;0;0;0;0;0;0;0;0;0;0;0;0;0;0;0;15900;13920;15590;27400;26990;25579
;;;;;;;;;;;;;;;;;;;;;;;
4117;Štipendije;57609257;62028798;67382864;74735802;80284938;86701581;91417122;93885922;93543566;96381651;97282013;100811414;110748559;118997438;100172351;34417355;45533433;48726307;62114806;66495275;57644338;53328904
411700;Državne štipendije;54812450;59919273;65445556;72727304;78435544;61859425;64686542;67358294;66239930;67617458;66641475;66510016;74152587;83297223;68974501;20405734;39946318;42682023;53710247;54966355;45013345;41731922
411701;Kadrovske štipendije;78079;1030912;1192210;1159966;1287261;1096963;1367072;943698;813774;680010;536630;2610496;2842701;2780346;2586837;2137466;2024430;1885629;53528;659590;1393308;1463729
411702;Druge štipendije;0;0;0;0;0;0;0;0;0;0;0;0;0;0;0;0;0;0;0;0;0;0
411703;Zoisove štipendije;0;0;0;0;0;0;0;0;0;0;7370043;29464479;31101506;29668242;26285979;9266637;689714;2315217;7437886;9216485;8170777;6806580
411704;Nagrada dijaku ali študentu za prispevek k trajnostnemu razvoju;0;0;0;0;0;0;0;0;0;0;0;241500;340250;386750;186250;13000;0;0;0;0;0;0
411799;Druge štipendije;2718727;1078613;745098;848533;562133;23745194;25363508;25583929;26489862;28084182;22733866;1984922;2311515;2864877;2138783;2594519;2872971;1843438;913145;1652845;3066908;3326673
;;;;;;;;;;;;;;;;;;;;;;;
4119;Drugi transferi posameznikom;24821382;26490477;25652834;29730615;33925268;44316051;57206554;57952816;62630055;59830568;79312249;137514333;141690668;159226869;143540626;162100631;162356901;159154912;163445497;184329957;188965885;139235490
411900;Regresiranje prevozov v šolo;6833992;6380998;5585153;7729038;7971784;8527454;10087644;11473614;12158224;12553306;12899866;13356835;13462091;12767174;21974276;43265300;38979124;39027540;40558026;44214274;44675539;37465035
411901;Regresiranje potovanj mladine;0;0;0;0;0;0;0;0;0;0;0;0;0;0;0;0;0;53532;0;0;0;0
411902;Doplačila za šolo v naravi;104323;110990;112984;112043;103210;143747;301969;303233;307705;314487;322623;330399;406407;406787;405666;406163;406457;406342;406765;406660;406746;406732
411903;Regresiranje prehrane učencev in dijakov;5110322;5528036;5684796;5596285;5434681;6131419;9294244;9825617;10281097;10780079;19697527;37739715;35897311;35200782;26436731;24643393;26669796;31588726;37506217;43981545;45680833;30877617
411904;Regresiranje študentske prehrane;5151060;5974444;6553067;6797177;8891338;11430953;12352466;12534178;12059398;11555537;12711919;12866127;13688847;17434622;17123415;14025445;14171718;12979789;12538041;11693054;11553309;7761078
411905;Regresiranje obrestne mere za kreditiranje študentov;0;1261267;0;157280;0;0;0;0;0;0;0;0;0;0;0;0;0;0;0;0;0;0
411906;Nezgodno zavarovanje vrhunskih športnikov;20831;38640;40430;42935;47878;109087;52102;52102;52102;42449;42249;42434;42434;63543;42443;0;84963;39996;39049;0;0;0
411907;Pokojninsko, invalidsko in zdravstveno zavarovanje določenih kategorij prebivalcev;1247064;1214143;1401963;1621663;1608386;5334855;4188106;4188658;4318457;4710847;5156804;4884532;5240533;5480439;5785223;5625908;5896629;6604625;7450970;7876465;8735249;7046710
411908;Denarne nagrade in priznanja;872132;951825;961026;1134291;1278412;1407579;1452323;1611231;1634737;1797546;2073566;2231096;2283709;2109285;2268224;2038566;2176905;1518953;1717467;1634451;1725304;1227361
411909;Regresiranje oskrbe v domovih;1417685;475298;0;0;0;0;69060;194821;225761;259946;456296;860559;930037;1000052;959088;874144;2254729;2203748;2229695;2273677;2175965;1783700
411910;Plačilo dnevnic, potnih in drugih stroškov v zvezi z zdravljenjem;0;0;0;0;0;0;0;0;0;0;0;0;0;0;0;0;0;0;0;1624;0;0
411911;Plačilo pogrebnin;0;0;0;0;22;0;0;0;0;0;0;0;0;0;0;0;2297548;3068877;3221556;3360898;4105758;3896585
411912;Plačilo posmrtnin;0;0;0;0;0;0;0;0;0;0;0;0;0;0;0;0;804133;1000089;1140091;1136953;1581216;1787326
411920;Subvencioniranje stanarin;0;0;538821;781622;2226491;2527644;2860679;3054301;3198770;3234666;3267018;3449912;3499691;3403576;3125204;3165534;3124835;3010658;2838784;2682975;2732665;2054679
411921;Plačilo razlike med ceno programov v vrtcih in plačili staršev;0;0;0;0;0;0;0;0;0;0;0;0;0;0;0;0;0;0;0;0;0;0
411922;Izplačila družinskemu pomočniku;0;0;0;0;0;0;0;0;0;0;0;0;0;0;0;0;0;0;0;0;0;0
411923;Sredstva za sofinanciranje tehničnih pripomočkov invalidom;0;0;0;0;0;0;0;0;0;0;0;0;0;0;0;0;0;598281;639476;677982;695386;562514
411999;Drugi transferi posameznikom in gospodinjstvom;4063973;4554836;4774594;5758279;6363065;8703314;16547961;14715061;18393804;14581707;22684381;61752724;66239607;81360609;65420357;68056178;65490064;57053756;53159359;64389397;64897916;44366152
;;;;;;;;;;;;;;;;;;;;;;;
412;Transferi nepridobitnim organizacijam in ustanovam;24503038;24850819;25881958;31655273;41346528;43848982;48424238;53745721;57882914;60629568;69234387;86036487;112114992;103500556;112631495;119251121;102121641;86986129;85003155;94067555;109042660;68944978
;;;;;;;;;;;;;;;;;;;;;;;
4120;Tekoči transferi nepridobitnim organizacijam in ustanovam;24503038;24850819;25881958;31655273;41346528;43848982;48424238;53745721;57882914;60629568;69234387;86036487;112114992;103500556;112631495;119251121;102121641;86986129;85003155;94067555;109042660;68944978
412000;Tekoči transferi nepridobitnim organizacijam in ustanovam;24503038;24850819;25881958;31655273;41346528;43848982;48424238;53745721;57882914;60629568;69234387;86036487;112114992;103500556;112631495;119251121;102121641;86986129;85003155;94067555;109042660;68944978
;;;;;;;;;;;;;;;;;;;;;;;
413;Drugi tekoči domači transferi;1426858508;1552309078;1675484257;2003236055;2286029329;2481813382;2757204935;2988807613;3096592112;2861090245;3026093611;3358860342;3358404332;3570570738;3376053635;3467066164;3456243789;3379494255;3292652052;3359973619;3225907864;2490067847
;;;;;;;;;;;;;;;;;;;;;;;
4130;Tekoči transferi občinam;122203936;131755027;136663628;140581344;139764706;160960543;165637402;210290571;207528274;18325591;17575797;63399486;10284657;27700422;24158981;17759368;15417806;79058698;60546681;44287990;22727940;31265812
413000;Dopolnilna sredstva občinam;118128388;130941266;134894494;138664075;137677266;157769261;161452827;190133637;188860173;13482326;14184463;60503323;5457155;21300667;5427168;16985;0;59567532;36296605;13587204;0;13775650
413001;Sredstva za celostni razvoj podeželja in obnovo vasi;589013;311054;284958;483030;157998;84692;67072;2472;256708;9073;0;0;0;0;0;0;0;0;0;0;0;0
413002;Sredstva za demografsko ogrožena območja;168411;158571;39226;18778;132998;136994;129824;157845;0;0;4500;0;0;0;0;0;0;0;0;0;0;0
413003;Sredstva, prenesena drugim občinam;0;0;0;0;0;0;0;0;0;0;0;0;0;0;0;0;0;0;0;0;0;0
413004;Sredstva, prenesena ožjim delom občin;0;0;0;0;0;0;0;0;0;39717;36472;7511;0;0;0;0;24000;0;0;0;0;245
413099;Drugi tekoči transferi občinam;3318123;344135;1444950;1415461;1796444;2969596;3987679;19996616;18411393;4794476;3350362;2888652;4827502;6399755;18731813;17742383;15393806;19491166;24250076;30700786;22727940;17489917
;;;;;;;;;;;;;;;;;;;;;;;
4131;Tekoči transferi v sklade socialnega zavarovanja;557269290;624622517;642113487;806586644;943658554;993117411;1035307525;1074464221;1096458144;1076427436;1165949770;1316952312;1379148881;1550952274;1464194397;1626149503;1649348217;1516249489;1354439198;1226223363;1144825857;867512298
413100;Tekoči transferi sredstev iz državnega proračuna v ZPIZ;134509633;167172312;181534385;368184914;322599132;333456580;344275929;352449328;371000957;383519633;445503029;459233452;444285053;441043465;339357708;329998254;177696836;298644713;283920329;204501894;168016024;186487830
413101;Dodatni transferi sredstev iz državnega proračuna v ZPIZ;421850566;456826072;459511142;401472852;581557385;619147209;652149057;679473965;679256630;644583609;666395713;778525712;841847080;1001596943;1020515883;1201991523;1381492114;1118202085;989412073;916006622;839347614;557500000
413102;Plačila prispevka za zdravstveno zavarovanje upokojencev, ki ga plačuje ZPIZ;0;0;0;0;0;0;0;0;0;0;0;0;0;0;0;0;0;0;0;0;0;0
413105;Prispevek v ZZZS za zdravstveno zavarovanje oseb, ki ga plačujejo občine;0;0;0;0;0;0;0;0;0;0;0;0;0;0;0;0;0;0;0;0;0;0
413106;Plačila prispevka delodajalca za pokojninsko in invalidsko zavarovanje od starševskih nadomestil;0;0;0;11665021;12387902;13537840;14349639;15834071;17239726;19394163;22792217;25760754;27920959;28740960;28129690;25056494;23512130;22734225;22422558;22365681;24103765;19965488
413107;Plačila prispevka delodajalca za zdravstveno zavarovanje od starševskih nadomestil;0;0;0;9081594;9796859;10300870;10750660;11938471;13183838;14784355;17396973;19681305;20247236;20732506;20263739;17871332;17457879;16943716;16738548;16778768;18012474;15090539
413108;Plačila prispevka delodajalca za pokojninsko in invalidsko zavarovanje od nadomestil za čas brezposelnosti;0;0;0;8473592;7778878;7857266;7550821;8143739;8818951;8302407;8350749;15419680;18375786;24654128;23357071;22802457;17762371;15695910;15329320;14463214;13597533;10264105
413109;Plačila prispevka delodajalca za zdravstveno zavarovanje od nadomestil za čas brezposelnosti;0;0;0;6485912;6275102;6476015;6231420;6624648;6958043;5843269;5511090;10736576;12954708;17572965;15939069;14897749;11689829;10302731;10149546;9542349;8959399;6809435
413110;Plačila prispevka delodajalca za pokojninsko in invalidsko zavarovanje od nadomestil zaradi bolezenske odsotnosti, ki jih Zavod za zdravstveno zavarovanje Slovenije neposredno izplačuje upravičencem;0;0;0;0;0;0;0;0;0;0;0;0;0;0;0;0;0;0;0;0;0;0
413111;Plačila prispevka delodajalca za zdravstveno zavarovanje od nadomestil zaradi bolezenske odsotnosti, ki jih Zavod za zdravstveno zavarovanje Slovenije neposredno izplačuje upravičencem;0;0;0;0;0;0;0;0;0;0;0;0;0;0;0;0;0;0;0;0;0;0
413112;Plačila prispevka delodajalca za zdravstveno zavarovanje od nadomestil iz invalidskega zavarovanja, ki jih Zavod za pokojninsko in invalidsko zavarovanje Slovenije neposredno izplačuje upravičencem;0;0;0;0;0;0;0;0;0;0;0;0;0;0;0;0;0;0;0;0;0;0
413113;Drugi tekoči transferi v ZZZS;0;0;0;0;0;0;0;0;0;0;0;0;0;0;0;0;0;0;0;0;0;0
413114;Plačilo prispevka delodajalca za zdravstveno zavarovanje zapornikov, ki ga državni proračun plačuje v ZZZS;0;0;0;0;0;0;0;0;0;0;0;2215411;3325772;2877123;2877123;2889410;3803501;3411731;3253462;3125126;3193997;2625168
413115;Dodatni transferi sredstev iz državnega proračuna v ZZZS za pokrivanje izdatkov za plače in nadomestil pripravnikom, sekundarijem ter specializantom;0;0;0;0;0;0;0;0;0;0;0;0;0;0;0;0;0;0;0;23000000;40000000;60000000
413150;Plačilo razlike do polne vrednosti zdravstvenih storitev za socialno ogrožene;0;0;0;0;0;0;0;0;0;0;0;0;0;0;9837180;10642284;11704794;12438840;13213361;13674039;14213770;8179469
413199;Drugi tekoči transferi v sklade socialnega zavarovanja;909090;624132;1067960;1222760;3263296;2341631;0;0;0;0;0;5379422;10192288;13734183;3916936;0;4228763;17875536;0;2765670;15381281;590266
;;;;;;;;;;;;;;;;;;;;;;;
4132;Tekoči transferi v javne sklade;19065803;4565938;4802901;6944228;10021629;23838793;15717781;19030943;11584943;9169297;9003541;21268977;9990344;13407416;15772972;13603601;7734987;7683111;9222173;9638671;9192818;6271639
413200;Tekoči transferi v javne sklade;19065803;4565938;4802901;6944228;10021629;23838793;15717781;19030943;11584943;9169297;9003541;21268977;9990344;13407416;15772972;13603601;7734987;7683111;9222173;9638671;9192818;6271639
;;;;;;;;;;;;;;;;;;;;;;;
4133;Tekoči transferi v javne zavode ;728319479;791365596;891904242;1048755622;1192217001;1303511509;1432958598;1522814984;1595035112;1629486760;1749463613;1857138496;1841562425;1858709311;1754730311;1692688926;1654528069;1648644781;1733370905;1952877388;1917515070;1477377490
413300;Tekoči transferi v javne zavode - sredstva za plače in druge izdatke zaposlenim;496043888;545491559;607297916;734096226;844028029;919989149;1042755507;1051208038;1125394970;1127205603;1159827675;1327568588;1327011091;1318365825;1232349498;1221239698;1219299187;1211975878;1283147711;1333689752;1417107731;1104796551
413301;Tekoči transferi v javne zavode - sredstva za prispevke delodajalcev;84539018;83891523;102749549;126109613;149533961;167829580;159332523;187963637;188649872;187856317;179605472;177646801;180164245;179484198;171333581;166278348;162533824;161228244;167229126;175577229;197048891;156106094
413302;Tekoči transferi v javne zavode - za izdatke za blago in storitve;147736573;161982515;181028408;188542873;198612717;215671694;210613662;266364153;263561242;296480520;392870010;334266696;316672482;342706904;332226745;293348702;266043704;271264576;278719211;436068123;284259983;200552849
413303;Tekoči transferi v javne zavode - za zdravila;0;0;157035;6891;42294;7733;151478;233625;231466;267176;325655;53115;10522;7787;823613;781808;601336;297896;631665;442023;482845;129140
413304;Tekoči transferi v javne zavode - za ortopedske pripomočke;0;0;0;19;0;0;0;0;0;0;0;0;0;0;0;0;0;0;0;0;0;0
413305;Tekoči transferi v javne zavode - za cepiva, transfuzijo krvi in sanitetni material;0;0;671334;0;0;0;5446;0;14;8346;0;0;0;0;0;0;0;5264;0;0;0;0
413306;Tekoči transferi v javne zavode na podlagi EU zakonodaje in sporazumov o socialnem zavarovanju;0;0;0;0;0;13353;0;0;0;0;0;0;0;0;0;0;0;0;0;0;532;0
413310;Tekoči transferi v javne zavode - za premije kolektivnega dodatnega pokojninskega zavarovanja;0;0;0;0;0;0;20099983;17045531;17197548;17668798;16834801;17603296;17704085;18144596;17996874;11040371;6050018;3872922;3643192;7100262;18615088;15792857
;;;;;;;;;;;;;;;;;;;;;;;
4134;Tekoči transferi v državni proračun;0;0;0;368218;367439;385126;392449;429634;465744;481990;536436;716412;791527;922106;893052;831659;716568;663991;654215;639153;646546;523592
413400;Plačila prispevka delodajalca za zaposlovanje od starševskih nadomestil;0;0;0;78664;82871;87459;92488;94795;113583;127452;149856;169199;175163;185129;181543;162084;151037;145279;143130;143572;152215;127770
413401;Plačila prispevka delodajalca za starševsko varstvo od starševskih nadomestil;0;0;0;131774;138965;148697;157301;182852;191431;214865;252582;285310;300507;308548;302601;270131;251736;242133;238563;239318;253711;212967
413402;Plačila prispevka delodajalca za zaposlovanje od nadomestil za čas brezposelnosti;0;0;0;55806;49945;50484;47808;50999;54670;50678;49969;98046;118429;160623;153431;150005;117864;103909;102404;96280;90410;68701
413403;Plačila prispevka delodajalca za starševsko varstvo od nadomestil za čas brezposelnosti;0;0;0;101974;95658;98487;94851;100987;106059;88995;84029;163857;197427;267806;255477;249439;195931;172669;170118;159984;150209;114154
413404;Plačila prispevka delodajalca za zaposlovanje od nadomestil zaradi bolezenske odsotnosti, ki jih Zavod za zdravstveno zavarovanje Slovenije neposredno izplačuje upravičencem;0;0;0;0;0;0;0;0;0;0;0;0;0;0;0;0;0;0;0;0;0;0
413405;Plačila prispevka delodajalca za starševsko varstvo od nadomestil zaradi bolezenske odsotnosti, ki jih Zavod za zdravstveno zavarovanje Slovenije neposredno izplačuje upravičencem;0;0;0;0;0;0;0;0;0;0;0;0;0;0;0;0;0;0;0;0;0;0
413406;Plačila prispevka delodajalca za zaposlovanje od nadomestil iz invalidskega zavarovanja, ki jih Zavod za pokojninsko in invalidsko zavarovanje Slovenije neposredno izplačuje upravičencem;0;0;0;0;0;0;0;0;0;0;0;0;0;0;0;0;0;0;0;0;0;0
413407;Plačila prispevka delodajalca za starševsko varstvo od nadomestil iz invalidskega zavarovanja, ki jih Zavod za pokojninsko in invalidsko zavarovanje Slovenije neposredno izplačuje upravičencem;0;0;0;0;0;0;0;0;0;0;0;0;0;0;0;0;0;0;0;0;0;0
;;;;;;;;;;;;;;;;;;;;;;;
4135;Tekoča plačila drugim izvajalcem javnih služb, ki niso posredni proračunski uporabniki;0;0;0;0;0;0;19923251;47017513;48462793;53784389;67140014;80706609;89476646;85414131;88406804;84995749;100151478;95313960;102070637;101205023;104643351;85964219
413500;Tekoča plačila storitev drugim izvajalcem javnih služb, ki niso posredni proračunski uporabniki;0;0;0;0;0;0;19923251;47017513;41234313;53592475;66523629;80706609;89476646;85414131;88406680;84994375;100151012;95198369;102070634;100915523;104643351;85964219
413501;Tekoča plačila drugim izvajalcem javnih služb, ki niso posredni proračunski uporabniki - za zdravila;0;0;0;0;0;0;0;0;7118847;0;0;0;0;0;123;15;466;98;3;0;0;0
413502;Tekoča plačila drugim izvajalcem javnih služb, ki niso posredni proračunski uporabniki - za ortopedske pripomočke;0;0;0;0;0;0;0;0;98699;191914;616384;0;0;0;0;0;0;105623;0;0;0;0
413503;Tekoča plačila drugim izvajalcem javnih služb, ki niso posredni proračunski uporabniki - za cepiva, transfuzijo krvi, sanitetni material;0;0;0;0;0;0;0;0;10934;0;0;0;0;0;0;1359;0;9870;0;289500;0;0
;;;;;;;;;;;;;;;;;;;;;;;
4136;Tekoči transferi v javne agencije;0;0;0;0;0;0;87267930;114759748;137057102;73414782;16424439;18678051;27149851;33465078;27897119;31037358;28346664;31880225;32348243;25102030;26356282;21152798
413600;Tekoči transferi v javne agencije;0;0;0;0;0;0;87267930;114759748;137057102;73414782;16424439;18678051;27149851;33465078;27897119;31037358;28346664;31880225;32348243;25102030;26356282;21152798
;;;;;;;;;;;;;;;;;;;;;;;
414;Tekoči transferi v tujino;7457461;9885249;9680257;9867828;10284616;10976011;11167430;14113604;14749671;19975131;34683182;25256998;24440346;25038105;27485460;46491717;35518429;27400606;49885769;40589301;37284700;32778873
;;;;;;;;;;;;;;;;;;;;;;;
4140;Tekoči transferi mednarodnim institucijam;301638;550767;777281;332681;145217;670002;2058173;3862450;4263711;9740787;24110291;13925571;13360091;13617780;16065098;14493107;17973654;18471016;40613082;31361204;26064590;24365886
414000;Tekoči transferi mednarodnim institucijam;301638;550767;777281;332681;145217;670002;2058173;3862450;4263711;9740787;24110291;13925571;13360091;13617780;16065098;14493107;17973654;18471016;40613082;31361204;26064590;24365886
;;;;;;;;;;;;;;;;;;;;;;;
4141;Tekoči transferi tujim vladam in vladnim institucijam;0;0;1119366;1317011;1786760;1942255;1419;0;49229;46904;75270;22381;15727;15727;15727;22151597;9011575;3737;0;0;9732;0
414100;Tekoči transferi tujim vladam in vladnim institucijam;0;0;1119366;1317011;1786760;1942255;1419;0;49229;46904;75270;22381;15727;15727;15727;22151597;9011575;3737;0;0;9732;0
;;;;;;;;;;;;;;;;;;;;;;;
4142;Tekoči transferi neprofitnim organizacijam v tujini;1219255;1882635;1343290;1034109;1106225;1142597;1261460;2624317;2221468;1788845;1581947;2171132;1854954;2335470;3475275;2056790;1389293;1713178;8077532;8043325;8292556;7627445
414200;Tekoči transferi v tujino - za zdravljenje v tujini;0;0;0;0;14621;0;0;0;0;5543;0;42650;0;0;40574;7250;44052;0;0;0;0;660
414201;Tekoči transferi v tujino, na podlagi EU zakonodaje in sporazumov o socialnem zavarovanju;0;0;56462;2074;0;0;0;385;4844;22334;48138;83196;118680;168294;52348;0;0;0;0;0;0;0
414299;Tekoči transferi neprofitnim organizacijam v tujini - drugo;1219255;1882635;1286828;1032035;1091605;1142597;1261460;2623932;2216624;1760968;1533809;2045286;1736274;2167176;3382353;2049540;1345241;1713178;8077532;8043325;8292556;7626785
;;;;;;;;;;;;;;;;;;;;;;;
4143;Drugi tekoči transferi v tujino;5936569;7451846;6440320;7184027;7246414;7221157;7846377;7626836;8215264;8398596;8915673;9137915;9209573;9069128;7929361;7790222;7143906;7212675;1195154;1184771;2917822;785542
414399;Drugi tekoči transferi v tujino;5936569;7451846;6440320;7184027;7246414;7221157;7846377;7626836;8215264;8398596;8915673;9137915;9209573;9069128;7929361;7790222;7143906;7212675;1195154;1184771;2917822;785542