7;SKUPAJ PRIHODKI ;3395606172;3935423557;4135316373;4776242622;4895346030;5811578949;6323186288;6801959950;7396475699;7799943931;8535070002;7530721087;7549556129;7833337135;7887035270;7779413955;8459465915;8520949362;8315542209;8830007768;10000553444;7411863963
;;;;;;;;;;;;;;;;;;;;;;;
0;TEKOČI PRIHODKI ;3381579876;3919975454;4104833351;4730166559;4830792946;5752872548;6126589676;6486137244;7029218607;7432601802;8154621016;6918630977;6810508939;7005185245;7028512553;6784839226;7383946044;7583572017;7782541171;8386097828;9114547633;6845723082
;;;;;;;;;;;;;;;;;;;;;;;
70;DAVČNI PRIHODKI;3183307372;3734999706;3871107717;4338112858;4470511260;5348942765;5697999025;6112787105;6685969821;7052407004;7685337562;6554054334;6249176913;6574706081;6502528577;6172747505;6578504574;7022687303;7211378669;7715276111;8247820927;6332629822
;;;;;;;;;;;;;;;;;;;;;;;
700;Davki na dohodek in dobiček;788420014;804412873;920372446;1071164122;1182187158;1405892194;1556500228;1665245936;2107757251;2032484758;2514453480;1782060466;1353509748;1581708827;1509212486;1009945067;1260001038;1559663182;1631360754;1870289212;2129253325;1726225302
;;;;;;;;;;;;;;;;;;;;;;;
7000;Dohodnina;623199400;628410629;704236451;784173119;868288512;957744579;1037577623;1071018563;1165427162;919241613;1257416524;1069832398;902104468;912500437;929772095;740543292;789614888;961288251;1029307862;1100031364;1280219100;922610911
700001;Dohodnina - letni poračun;-35699787;0;-65805744;-97792478;-107209627;-58162088;-60146330;-59481313;-97761743;-158443049;-59025911;-81197460;-103326107;-129412435;-124973736;-153978040;-170844603;-174266827;-184723995;-177975909;-195372810;-216621405
700002;Akontacija dohodnine od dohodka iz zaposlitve;573181342;543421419;681638446;782932920;869101875;899954677;971670496;963088533;1032141143;1570450769;1769941593;1798852262;1814041834;1827972432;1764852269;1665824115;1732051213;1792341208;1895739339;1987050272;2189381701;1691984576
700003;Akontacija dohodnine od pokojnin, nadomestil in drugih dohodkov iz naslova obveznega in prostovoljnega pokojninskega in invalidskega zavarovanja;7884965;9458790;9370917;9155938;9972247;9468887;9631112;24465855;19185213;18301950;18883781;20968571;21193147;20666274;18992979;20157114;26706258;28772883;28889952;34465525;38107001;32508993
700004;Akontacija dohodnine od dohodkov iz drugega pogodbenega razmerja;13438170;13339615;14226815;15385363;16971315;16986827;17535906;43200438;45141713;79054931;85528370;76543502;76528951;76102255;73260560;65781732;50991809;46458812;45457569;47068952;48316290;35212761
700005;Akontacija dohodnine od drugih dohodkov;1380526;1324896;2026929;2058842;2341620;2935620;3901045;10565658;7722354;12130841;14608230;14171904;16709446;50683102;94895221;59078585;35824554;25363371;41122818;23036842;18037371;11490574
700006;Akontacija dohodnine od dohodka iz osnovne kmetijske dejavnosti;141308;111103;155545;116347;99328;148910;45315;106039;818469;1381116;4110906;4225911;8597842;-691130;-177207;152826;-50877;90849;-23971;236502;0;0
700007;Akontacija dohodnine od dohodka iz osnovne gozdarske dejavnosti;106777;115742;63572;91307;65202;75599;71374;35316;302208;240303;543941;679831;828381;125033;-27282;79168;55099;74015;59577;85975;0;0
700008;Akontacija dohodnine od dohodka iz dejavnosti;24843553;24327526;25402316;29804089;31459697;33223758;35631701;35921022;95624551;143302118;131933284;100603518;58568844;69549072;71455648;61272296;74109588;86735145;79742634;97468792;108143223;99511778
700009;Dohodnina od dohodka iz dejavnosti na podlagi normiranih stroškov;1364405;1270778;1569527;1824869;2436529;2984459;3777917;6249332;8304863;9744934;10459054;10008865;9922002;9748611;9193363;1081639;162522;108163;113151;114062;353290;232501
700010;Dohodnina od dobička iz kapitala pri odsvojitvi nepremičnin;277445;201436;378492;129329;332539;690306;346935;1450985;3356280;12558862;18531280;7387108;6859288;5918517;6399183;4607281;3988279;4170500;5306228;6754095;8671620;7186275
700011;Dohodnina od dobička iz kapitala od odsvojitve vrednostnih papirjev in drugih deležev ter investicijskih kuponov;380583;570014;689692;816331;982923;3676601;1836293;2928704;2303887;22998836;74411499;25975724;9658129;8019198;9410253;9005811;5998394;13081988;15219234;11987614;22531685;11428954
700012;Dohodnina od dividend;11654711;10827687;8885935;11212919;10873930;11474578;14749614;18728662;25290268;47063448;60294339;48816743;50926699;45818061;76179472;44307524;57943795;73005863;73677821;88556925;131892696;90066781
700013;Dohodnina od obresti;276778;246849;161448;183152;210236;250284;458249;391326;3752508;13493441;20774703;49764299;32874075;24722209;28155611;35091326;37370863;26678664;15553736;10539245;7488224;5888284
700014;Dohodnina od dohodkov iz oddajanja premoženja v najem;4775680;5068402;5794543;6603024;7604354;8635226;10280411;13382363;12730499;24741338;27051795;13676772;26995754;28185203;32252746;39904137;43678291;45270589;48050587;49950642;52268242;42664522
700015;Akontacija dohodnine od dohodkov iz prenosa premoženjske pravice;14431280;14653290;15493153;16427563;17933579;19176958;23221236;4533217;3886893;5482197;5125753;3750082;3746839;3218827;3387756;2093335;1946646;2185353;2564142;2439730;2118221;1796471
700016;Akontacija dohodnine - od dohodkov iz premoženjskih pravic - od izumov, znakov razlikovanja in tehničnih izboljšav;351002;246624;265871;225113;258564;346385;335470;0;0;0;0;0;0;0;0;0;0;0;0;0;0;0
700017;Zamudne obresti od dohodnine;4410662;3226455;3918996;4998490;4854199;5877592;4230879;542148;-1887756;1923860;1969493;-1747268;3239447;3412927;4922797;3415483;2400671;2229232;2731150;2745904;2963508;1323114
700018;Akontacija dohodnine - od drugih dohodkov iz osnovne kmetijske dejavnosti in osnovne gozdarske dejavnosti;0;0;0;0;0;0;0;3782331;4515568;1443;-7468;730;-475;6760273;8012400;7398483;10512314;9867043;7167303;7927225;7636685;7311468
700019;Akontacija dohodnine - od dohodka iz vzajemnih skladov;0;0;0;0;0;0;0;1127948;245;0;0;0;0;0;0;0;0;0;0;0;0;0
700020;Dohodnina - občinski vir;0;0;0;0;0;0;0;0;0;-885185725;-927718118;-1023027564;-1121241576;-1126534053;-1132483532;-1115587187;-1118201556;-1018065293;-1042401652;-1088687033;-1154638564;-889663944
700021;Dohodnina od nenapovedanih dohodkov;0;0;0;0;0;0;0;0;0;0;0;378869;1933431;3513938;950467;2772678;2657057;4098462;2148077;4248311;4738159;684127
700022;Dohodnina - glavno mesto;0;0;0;0;0;0;0;0;0;0;0;0;-15951483;-15277878;-14886872;-11915012;-7685427;-6911768;-7085837;-7982306;-12472772;-10708917
700023;Akontacija dohodnine od katastrskega dohodka in pavšalne ocene dohodka na panj;0;0;0;0;0;0;0;0;0;0;0;0;0;0;0;0;0;0;0;0;55330;314000
;;;;;;;;;;;;;;;;;;;;;;;
7001;Davek od dohodkov pravnih oseb;165220614;176002244;216135996;286991003;313898646;448147615;518922605;594227373;942330089;1113243145;1257036956;712228068;448602436;667636693;576884970;265209068;468364727;594764460;599461826;766269559;845733919;778321121
700100;Davek od dohodkov pravnih in fizičnih oseb - davčni odtegljaj;159707574;169693085;212670542;267208459;301101874;440046210;512427472;602665967;991882809;1116328883;1257291903;712417373;448402765;673482330;576423680;264336277;467596395;594422164;598699557;766780805;844767713;777725681
700101;Zamudne obresti od davka od dohodkov pravnih oseb;5513040;6309159;3465453;19782544;12796772;8101405;6495133;-8438593;-49552720;-3085738;-254947;-189305;199672;-5845637;461290;872791;768332;342296;762269;-511246;966205;595440
;;;;;;;;;;;;;;;;;;;;;;;
7002;Drugi davki na dohodek in dobiček;0;0;0;0;0;0;0;0;0;0;0;0;2802843;1571696;2555421;4192707;2021423;3610471;2591066;3988290;3300307;25293270
700200;Dodatni davek od dohodkov članov poslovodstev in nadzornih organov v času finančne in gospodarske krize;0;0;0;0;0;0;0;0;0;0;0;0;1401098;369661;208452;96655;-1281643;7140;22222;20102;47686;5378
700201;Zamudne obresti od dodatnega davka od dohodkov članov poslovodstev in nadzornih organov v času finančne in gospodarske krize;0;0;0;0;0;0;0;0;0;0;0;0;390;1450;6023;704;-236930;-1779;237;423;54;178
700202;Davek od dohodka iz finančnih instrumentov, ki ga oseba prejme za tuj račun;0;0;0;0;0;0;0;0;0;0;0;0;1401355;1200456;2129048;3596927;3359932;3458826;2367684;3560158;2896806;25033218
700203;Zamudne obresti od davka od dohodka iz finančnih instrumentov, ki ga oseba prejme za tuj račun;0;0;0;0;0;0;0;0;0;0;0;0;0;129;12608;1916;1677;37;259;71;49;34
700204;Davek na dobiček zaradi spremembe namembnosti zemljišč;0;0;0;0;0;0;0;0;0;0;0;0;0;0;199289;495598;174813;145148;201564;406223;354058;254291
700205;Zamudne obresti od davka na dobiček zaradi spremembe namembnosti zemljišč;0;0;0;0;0;0;0;0;0;0;0;0;0;0;0;908;3575;1098;-901;1314;1654;171
700299;Drugi davki na dohodek in dobiček;0;0;0;0;0;0;0;0;0;0;0;0;0;0;0;0;0;0;0;0;0;0
;;;;;;;;;;;;;;;;;;;;;;;
701;Prispevki za socialno varnost;22006893;24255787;27411500;30323418;33851181;36692823;39225660;41569977;44484605;48375493;53461485;55202000;54918326;54546199;53501109;51832385;56612868;58517705;61457372;65875105;71025734;56338909
;;;;;;;;;;;;;;;;;;;;;;;
7010;Prispevki zaposlenih;11862335;13271778;15661286;16432416;18663493;20315275;22179897;23516156;24918149;27079254;29980628;30273088;30469629;29709732;27170801;25610695;29895997;31030346;32366929;34759131;37499379;29765640
701000;Prispevek za zaposlovanje - od zaposlenih pri pravnih osebah;6926389;7658991;8535682;9462821;10450000;11376847;12216404;13033920;13858533;15084359;16706313;16854777;17011464;16618696;14482525;14609042;16808227;17402854;18167589;19521913;21061148;16710808
701001;Prispevek za zaposlovanje - od zaposlenih pri fizičnih osebah,ki opravljajo dejavnost;0;216387;637397;703640;780242;844296;722062;709860;765660;806860;895788;931177;866942;819306;878550;831194;800485;812982;817506;859460;917888;740390
701002;Prispevek za starševsko varstvo - od zaposlenih pri pravnih osebah;4935946;5396400;6488206;6265955;7433250;8094132;8599571;9176450;9749274;10602229;11746412;11864280;11970792;11684122;11175782;9569625;11709202;12223795;12795576;13763247;14849651;11785514
701003;Prispevek za starševsko varstvo - od zaposlenih pri fizičnih osebah, ki opravlja dejavnost;0;0;0;0;0;0;641861;595927;544683;585806;632116;622854;620430;587608;633944;600834;578083;590715;586258;614511;670692;528928
701004;Prispevek za pokojninsko in invalidsko zavarovanje - od zaposlenih pri pravnih osebah;0;0;0;0;0;0;0;0;0;0;0;0;0;0;0;0;0;0;0;0;0;0
701005;Prispevek za pokojninsko in invalidsko zavarovanje - od zaposlenih pri fizičnih osebah, ki opravljajo dejavnost;0;0;0;0;0;0;0;0;0;0;0;0;0;0;0;0;0;0;0;0;0;0
701006;Prispevek za zdravstveno zavarovanje - od zaposlenih pri pravnih osebah;0;0;0;0;0;0;0;0;0;0;0;0;0;0;0;0;0;0;0;0;0;0
701007;Prispevek za zdravstveno zavarovanje - od zaposlenih pri fizičnih osebah, ki opravljajo dejavnost;0;0;0;0;0;0;0;0;0;0;0;0;0;0;0;0;0;0;0;0;0;0
701008;Prispevek za zdravstveno zavarovanje - od zaposlenih pri tujem delodajalcu;0;0;0;0;0;0;0;0;0;0;0;0;0;0;0;0;0;0;0;0;0;0
701009;Prispevek za pokojninsko in invalidsko zavarovanje iz drugih pravnih razmerij;0;0;0;0;0;0;0;0;0;0;0;0;0;0;0;0;0;0;0;0;0;0
701010;Prispevek za zdravstveno zavarovanje iz drugih pravnih razmerij;0;0;0;0;0;0;0;0;0;0;0;0;0;0;0;0;0;0;0;0;0;0
701011;Prispevek za pokojninsko in invalidsko zavarovanje - od začasnih in občasnih del študentov in dijakov;0;0;0;0;0;0;0;0;0;0;0;0;0;0;0;0;0;0;0;0;0;0
;;;;;;;;;;;;;;;;;;;;;;;
7011;Prispevki delodajalcev;8976974;10567239;10095617;11483012;12696731;13840846;14354697;15467236;16475685;17984467;19948219;20101986;20258005;20221972;21333094;21211858;22261505;22953670;24364811;26230910;28393280;22546002
701100;Prispevek za zaposlovanje - za zaposlene pri pravnih osebah;2945314;3725524;3596438;4023336;4487995;4880794;5229520;5589851;5932119;6475118;7140618;7228015;7283506;7295761;7706485;7947558;9039322;9555826;10374744;11259778;12260631;9706930
701101;Prispevek za zaposlovanje - za zaposlene pri fizičnih osebah, ki opravljajo dejavnost;552249;356768;0;0;0;0;209609;272588;301246;324424;410744;383207;367894;347518;374416;394310;492224;542895;571853;631544;669089;543333
701102;Prispevek za starševsko varstvo - za zaposlene pri pravnih osebah;4974020;5246484;5854833;6733616;7393206;8097675;8594929;9177304;9751098;10600291;11744621;11851282;11988790;12000536;12636493;12292681;12182692;12308376;12858687;13743867;14837927;11777505
701103;Prispevek za starševsko varstvo - za zaposlene pri fizičnih osebah, ki opravljajo dejavnost;505391;1238463;644346;726060;815529;862377;320639;427494;491222;584634;652236;639482;617815;578157;615700;577309;547268;546573;559528;595720;625633;518234
701104;Prispevek za pokojninsko in invalidsko zavarovanje - za zaposlene pri pravnih osebah;0;0;0;0;0;0;0;0;0;0;0;0;0;0;0;0;0;0;0;0;0;0
701105;Prispevek za pokojninsko in invalidsko zavarovanje - za zaposlene pri fizičnih osebah, ki opravljajo dejavnost;0;0;0;0;0;0;0;0;0;0;0;0;0;0;0;0;0;0;0;0;0;0
701106;Prispevek za pokojninsko in invalidsko zavarovanje - za člane kmetije;0;0;0;0;0;0;0;0;0;0;0;0;0;0;0;0;0;0;0;0;0;0
701107;Prispevek za pokojninsko in invalidsko zavarovanje - za učence, ki so v učnem razmerju;0;0;0;0;0;0;0;0;0;0;0;0;0;0;0;0;0;0;0;0;0;0
701108;Prispevek za pokojninsko in invalidsko zavarovanje - za zavarovalno dobo s povečanjem za zaposlene pri pravnih osebah;0;0;0;0;0;0;0;0;0;0;0;0;0;0;0;0;0;0;0;0;0;0
701109;Prispevek za zdravstveno zavarovanje - za zaposlene pri pravnih osebah;0;0;0;0;0;0;0;0;0;0;0;0;0;0;0;0;0;0;0;0;0;0
701110;Prispevek za poškodbe pri delu in poklicne bolezni - za zavarovance;0;0;0;0;0;0;0;0;0;0;0;0;0;0;0;0;0;0;0;0;0;0
701111;Prispevek za pokojninsko in invalidsko zavarovanje za posebne primere zavarovanja;0;0;0;0;0;0;0;0;0;0;0;0;0;0;0;0;0;0;0;0;0;0
701112;Prispevek za pokojninsko in invalidsko zavarovanje iz drugih pravnih razmerij;0;0;0;0;0;0;0;0;0;0;0;0;0;0;0;0;0;0;0;0;0;0
701113;Prispevek za zdravstveno zavarovanje za zaposlene pri fizičnih osebah, ki opravljajo dejavnost;0;0;0;0;0;0;0;0;0;0;0;0;0;0;0;0;0;0;0;0;0;0
701114;Prispevek za pokojninsko in invalidsko zavarovanje oseb zaposlenih pri tujem delodajalcu;0;0;0;0;0;0;0;0;0;0;0;0;0;0;0;0;0;0;0;0;0;0
701115;Prispevek za pokojninsko in invalidsko zavarovanje - za začasna in občasna dela študentov in dijakov;0;0;0;0;0;0;0;0;0;0;0;0;0;0;0;0;0;0;0;0;0;0
701116;Prispevek za zdravstveno zavarovanje - za začasna in občasna dela študentov in dijakov;0;0;0;0;0;0;0;0;0;0;0;0;0;0;0;0;0;0;0;0;0;0
;;;;;;;;;;;;;;;;;;;;;;;
7012;Prispevki samozaposlenih;1038065;137666;1518227;1658794;1760517;1762339;1970052;1871938;2324793;2470447;2580761;4127988;2807151;2967347;3197078;3123609;3068507;3231496;3420598;3603640;3837050;2991625
701200;Prispevek za zaposlovanje - od fizičnih oseb, ki opravljajo dejavnost - od zavarovalne osnove;328084;42779;495530;573789;619061;605467;661109;642772;648209;777224;826355;1335386;741001;992986;1065312;1029342;1007902;1061859;1127793;1188255;1263521;986674
701201;Prispevek za zaposlovanje - od fizičnih oseb, ki opravljajo dejavnost - iz zavarovalne osnove;140936;16950;216954;225065;247550;256653;269318;275237;318150;311467;360309;582914;314547;427643;456414;441712;432690;456929;483482;509297;544138;425548
701202;Prispevek za starševsko varstvo - od fizičnih oseb, ki opravljajo dejavnost;569045;77937;805744;859940;893905;900219;1039625;953929;1358434;1381756;1394097;2209688;1751603;1546719;1675353;1652555;1627915;1712708;1809323;1906088;2029391;1579403
701203;Prispevek za pokojninsko in invalidsko zavarovanje - od fizičnih oseb, ki opravljajo dejavnost - od zavarovalne osnove;0;0;0;0;0;0;0;0;0;0;0;0;0;0;0;0;0;0;0;0;0;0
701204;Prispevek za pokojninsko in invalidsko zavarovanje - od fizičnih oseb, ki opravljajo dejavnost - iz zavarovalne osnove;0;0;0;0;0;0;0;0;0;0;0;0;0;0;0;0;0;0;0;0;0;0
701205;Prispevek za pokojninsko in invalidsko zavarovanje kmetov - lastnikov kmetijskih zemljišč;0;0;0;0;0;0;0;0;0;0;0;0;0;0;0;0;0;0;0;0;0;0
701206;Posebni prispevek za pokojninsko in invalidsko zavarovanje - za zavarovalno dobo s povečanjem od oseb, ki opravljajo dejavnost in pri njih zaposlenih;0;0;0;0;0;0;0;0;0;0;0;0;0;0;0;0;0;0;0;0;0;0
701207;Prispevek za zdravstveno zavarovanje - kmetov in članov njihovih gospodinjstev in drugih oseb, ki plačujejo prispevek od katastrskega dohodka;0;0;0;0;0;0;0;0;0;0;0;0;0;0;0;0;0;0;0;0;0;0
701208;Prispevek za zdravstveno zavarovanje - kmetov, ki plačujejo prispevek od osnove za pokojninsko in invalidsko zavarovanje;0;0;0;0;0;0;0;0;0;0;0;0;0;0;0;0;0;0;0;0;0;0
701209;Prispevek za zdravstveno zavarovanje - oseb, ki plačujejo prispevek v pavšalu;0;0;0;0;0;0;0;0;0;0;0;0;0;0;0;0;0;0;0;0;0;0
701210;Prispevek za zdravstveno zavarovanje - oseb, ki niso zavarovane iz drugih naslovov;0;0;0;0;0;0;0;0;0;0;0;0;0;0;0;0;0;0;0;0;0;0
701211;Prispevek za poškodbe pri delu in poklicna obolenja kmetov;0;0;0;0;0;0;0;0;0;0;0;0;0;0;0;0;0;0;0;0;0;0
701212;Pavšal za poškodbe pri delu in poklicne bolezni;0;0;0;0;0;0;0;0;0;0;0;0;0;0;0;0;0;0;0;0;0;0
701213;Prispevek za zdravstveno zavarovanje oseb, ki samostojno opravljajo gospodarsko ali poklicno dejavnost od zavarovalne osnove;0;0;0;0;0;0;0;0;0;0;0;0;0;0;0;0;0;0;0;0;0;0
701214;Prispevek za zdravstveno zavarovanje oseb, ki samostojno opravljajo gospodarsko ali poklicno dejavnost iz zavarovalne osnove;0;0;0;0;0;0;0;0;0;0;0;0;0;0;0;0;0;0;0;0;0;0
;;;;;;;;;;;;;;;;;;;;;;;
7013;Ostali prispevki za socialno varnost;129519;279105;136371;749196;730440;774363;721014;714646;765977;841326;951877;698939;1383541;1647147;1800135;1886223;1386859;1302192;1305034;1281425;1296025;1035642
701300;Zamudne obresti iz naslova prispevkov za zaposlovanje;67606;213444;68091;73805;71243;81763;13931;14029;-7313;14054;20701;20666;7061;37224;63346;48799;35580;29999;38537;33876;32541;23982
701301;Zamudne obresti iz naslova prispevkov za starševsko varstvo;61546;65661;68280;99684;79673;77341;71193;11697;18762;26644;25661;-519364;33147;39071;68924;46232;34462;29528;35062;34493;32685;22380
701302;Zamudne obresti iz naslova prispevkov za pokojninsko in invalidsko zavarovanje;0;0;0;0;0;0;0;0;0;0;0;0;0;0;0;0;0;0;0;0;0;0
701303;Zamudne obresti iz naslova prispevkov za zdravstveno zavarovanje;0;0;0;0;0;0;0;0;0;0;0;0;0;0;0;0;0;0;0;0;0;0
701304;Pozneje plačani odloženi prispevki za socialno varnost;0;0;0;0;0;0;0;0;0;0;0;0;0;0;0;0;0;0;0;0;0;0
701305;Pozneje vplačani ukinjeni prispevki za socialno varnost;367;0;0;0;0;0;0;0;0;0;0;0;0;0;0;0;0;0;0;0;0;0
701306;Pozneje vplačani prispevki za ZPIZ iz preteklih let;0;0;0;0;0;0;0;0;0;0;0;0;0;0;0;0;0;0;0;0;0;0
701307;Prispevek delojemalca za zaposlovanje od starševskih nadomestil;0;0;0;182919;191961;207800;224384;256964;290202;331213;395114;451201;483260;522367;568701;590338;463889;457000;452033;453117;476093;392206
701308;Prispevek delojemalca za starševsko varstvo od starševskih nadomestil;0;0;0;131332;138282;151275;163244;186392;209403;239009;285108;325824;355147;372983;412101;423619;331123;327078;323639;323551;339901;279883
701309;Prispevek delojemalca za pokojninsko in invalidsko zavarovanje od starševskih nadomestil;0;0;0;0;0;0;0;0;0;0;0;0;0;0;0;0;0;0;0;0;0;0
701310;Prispevek delojemalca za zdravstveno zavarovanje od starševskih nadomestil;0;0;0;0;0;0;0;0;0;0;0;0;0;0;0;0;0;0;0;0;0;0
701311;Prispevek delojemalca za zaposlovanje od nadomestil zaradi bolezenske odsotnosti, ki jih Zavod za zdravstveno zavarovanje Slovenije neposredno izplačuje upravičencem;0;0;0;17317;20811;22350;23698;14199;11641;12691;13400;15331;17238;17916;21438;23234;24557;24816;26559;29873;30605;24671
701312;Prispevek delojemalca za starševsko varstvo od nadomestil zaradi bolezenske odsotnosti, ki jih Zavod za zdravstveno zavarovanje Slovenije neposredno izplačuje upravičencem;0;0;0;14032;16409;17682;18621;11338;9730;10485;11016;12410;13965;14492;17125;18593;19908;19994;21754;24717;25683;20583
701313;Prispevek delojemalca za pokojninsko in invalidsko zavarovanje od nadomestil zaradi bolezenske odsotnosti, ki jih Zavod za zdravstveno zavarovanje Slovenije neposredno izplačuje upravičencem;0;0;0;0;0;0;0;0;0;0;0;0;0;0;0;0;0;0;0;0;0;0
701314;Prispevek delojemalca za zdravstveno zavarovanje od nadomestil zaradi bolezenske odsotnosti, ki jih Zavod za zdravstveno zavarovanje Slovenije neposredno izplačuje upravičencem;0;0;0;0;0;0;0;0;0;0;0;0;0;0;0;0;0;0;0;0;0;0
701315;Prispevek delojemalca za zaposlovanje od nadomestil za čas brezposelnosti;0;0;0;128854;116005;118317;111177;119017;127533;118211;116828;229015;276297;375154;377315;429536;278051;241454;237781;222790;209202;158688
701316;Prispevek delojemalca za starševsko varstvo od nadomestil za čas brezposelnosti;0;0;0;101253;95084;98807;94765;101010;106020;89018;84049;163857;197427;267938;271185;305873;199289;172323;169670;159007;149315;113248
701317;Prispevek delojemalca za pokojninsko in invalidsko zavarovanje od nadomestil za čas brezposelnosti;0;0;0;0;0;0;0;0;0;0;0;0;0;0;0;0;0;0;0;0;0;0
701318;Prispevek delojemalca za zdravstveno zavarovanje od nadomestil za čas brezposelnosti;0;0;0;0;0;0;0;0;0;0;0;0;0;0;0;0;0;0;0;0;0;0
701319;Prispevek delojemalca za zaposlovanje od nadomestil iz invalidskega zavarovanja, ki jih Zavod za pokojninsko in invalidsko zavarovanje Slovenije neposredno izplačuje upravičencem;0;0;0;0;972;-972;0;0;0;0;0;0;0;0;0;0;0;0;0;0;0;0
701320;Prispevek delojemalca za zdravstveno zavarovanje od nadomestil iz invalidskega zavarovanja, ki jih Zavod za pokojninsko in invalidsko zavarovanje Slovenije neposredno izplačuje upravičencem;0;0;0;0;0;0;0;0;0;0;0;0;0;0;0;0;0;0;0;0;0;0
701321;Prispevek delojemalca za starševsko varstvo od nadomestil iz invalidskega zavarovanja, ki ga Zavod za pokojninsko in invalidsko zavarovanje Slovenije neposredno izplačuje upravičencem;0;0;0;0;0;0;0;0;0;0;0;0;0;0;0;0;0;0;0;0;0;0
701322;Prispevek delojemalca za zdravstveno zavarovanje vojaških obveznikov, ki služijo vojaški rok;0;0;0;0;0;0;0;0;0;0;0;0;0;0;0;0;0;0;0;0;0;0
701323;Prispevek za ZZ za poškodbe pri delu in poklicne bolezni iz drugih pravnih razmerij;0;0;0;0;0;0;0;0;0;0;0;0;0;0;0;0;0;0;0;0;0;0
701324;Prispevek za ZZ oseb, ki plačujejo prispevek v pavšalu;0;0;0;0;0;0;0;0;0;0;0;0;0;0;0;0;0;0;0;0;0;0
701325;Prispevek za ZZ oseb, ki niso zavarovane iz drugih naslovov;0;0;0;0;0;0;0;0;0;0;0;0;0;0;0;0;0;0;0;0;0;0
701326;Prispevek za ZZ od drugih oseb;0;0;0;0;0;0;0;0;0;0;0;0;0;0;0;0;0;0;0;0;0;0
701327;Prispevek za pokojninsko in invalidsko zavarovanje za prostovoljno vključitev v obvezno zavarovanje;0;0;0;0;0;0;0;0;0;0;0;0;0;0;0;0;0;0;0;0;0;0
701328;Prispevek za pokojninsko in invalidsko zavarovanje iz osebnega dopolnilnega dela;0;0;0;0;0;0;0;0;0;0;0;0;0;0;0;0;0;0;0;0;0;0
;;;;;;;;;;;;;;;;;;;;;;;
702;Davki na plačilno listo in delovno silo;191560219;231246900;284053676;347892630;391824502;448272759;491053278;526192981;472934482;418141207;258037498;28489694;28076033;29242533;25622525;23410880;20199609;19702062;19792019;21341891;21647647;16592005
;;;;;;;;;;;;;;;;;;;;;;;
7020;Davek na izplačane plače;175505012;214714992;266438318;329792500;371364627;429678681;472329670;505838882;449599960;391540626;229651092;1303297;0;0;0;0;0;0;0;0;0;0
702000;Davek na izplačane plače;175353872;214532884;266254096;329484764;370925283;429060785;471901764;505757180;449748034;391403795;229551518;1241267;0;0;0;0;0;0;0;0;0;0
702001;Zamudne obresti od davka na izplačane plače;151139;182108;184222;307736;439344;617895;427906;81702;-148074;136832;99574;62030;0;0;0;0;0;0;0;0;0;0
;;;;;;;;;;;;;;;;;;;;;;;
7021;Posebni davek na določene prejemke;16055208;16531908;17615358;18100130;20459875;18594078;18723609;20354099;23334522;26600581;28386406;27186397;28076033;29242533;25622525;23410880;20199609;19702062;19792019;21341891;21647647;16592005
702100;Posebni davek na določene prejemke (na pogodbeno delo);15897004;16371578;17502128;17938158;20010381;18386422;18578763;20373686;23709111;26687690;28442183;27337329;28050543;29209868;25590352;23400542;20184349;19647490;19781894;21330943;21637528;16561416
702101;Zamudne obresti od posebnega davka na določene prejemke;158204;160330;113229;161972;449494;207656;144845;-19587;-374589;-87109;-55777;-150932;25490;32665;32173;10338;15260;54572;10124;10948;10119;30589
;;;;;;;;;;;;;;;;;;;;;;;
703;Davki na premoženje;18054943;8673317;4351145;13006526;7635346;1443350;11745173;3152359;0;0;0;1887;186004;708817;7476215;31229397;28324607;2167466;284689;297837;492042;375285
;;;;;;;;;;;;;;;;;;;;;;;
7030;Davki na nepremičnine;0;0;0;0;0;0;0;0;0;0;0;0;0;0;546377;12791701;1561665;0;3651;44929;47324;29986
703000;Davek od premoženja od stavb - od fizičnih oseb;0;0;0;0;0;0;0;0;0;0;0;0;0;0;0;0;0;0;0;0;0;0
703001;Davek od premoženja od prostorov za počitek in rekreacijo;0;0;0;0;0;0;0;0;0;0;0;0;0;0;0;0;0;0;0;0;0;0
703002;Zamudne obresti od davkov na nepremičnine;0;0;0;0;0;0;0;0;0;0;0;0;0;0;0;0;0;0;0;0;0;0
703003;Nadomestilo za uporabo stavbnega zemljišča - od pravnih oseb;0;0;0;0;0;0;0;0;0;0;0;0;0;0;0;0;0;0;0;0;0;0
703004;Nadomestilo za uporabo stavbnega zemljišča - od fizičnih oseb;0;0;0;0;0;0;0;0;0;0;0;0;0;0;0;0;0;0;0;0;0;0
703005;Zamudne obresti iz naslova nadomestila za uporabo stavbnega zemljišča;0;0;0;0;0;0;0;0;0;0;0;0;0;0;0;0;0;0;0;0;0;0
703006;Davek od premoženja od stavb - od pravnih oseb;0;0;0;0;0;0;0;0;0;0;0;0;0;0;0;0;0;0;0;0;0;0
703007;Davek od premoženja od kmetijskih zemljišč in gozdov;0;0;0;0;0;0;0;0;0;0;0;0;0;0;0;0;0;0;0;0;0;0
703008;Davek od premoženja od stavbnih zemljišč;0;0;0;0;0;0;0;0;0;0;0;0;0;0;0;0;0;0;0;0;0;0
703009;Drugi davki od premoženja od nepremičnin;0;0;0;0;0;0;0;0;0;0;0;0;0;0;0;0;0;0;0;0;0;0
703010;Davek na nepremično premoženje večje vrednosti;0;0;0;0;0;0;0;0;0;0;0;0;0;0;545493;12769347;1528023;0;0;34525;36836;20999
703011;Zamudne obresti od davka na nepremično premoženje večje vrednosti;0;0;0;0;0;0;0;0;0;0;0;0;0;0;884;22353;33641;0;3651;10404;10488;8987
703012;Davek na nepremičnine;0;0;0;0;0;0;0;0;0;0;0;0;0;0;0;0;0;0;0;0;0;0
703013;Zamudne obresti od davka na nepremičnine;0;0;0;0;0;0;0;0;0;0;0;0;0;0;0;0;0;0;0;0;0;0
;;;;;;;;;;;;;;;;;;;;;;;
7031;Davki na premičnine;0;0;0;0;0;0;0;0;0;0;0;0;0;0;0;196386;180675;197060;195651;200717;262410;245364
703100;Davek na vodna plovila;0;0;0;0;0;0;0;0;0;0;0;0;0;0;0;0;0;0;0;0;0;0
703101;Zamudne obresti od davkov na premičnine;0;0;0;0;0;0;0;0;0;0;0;0;0;0;0;0;0;0;0;0;0;0
703102;Davek od premoženja - na posest motornih vozil;0;0;0;0;0;0;0;0;0;0;0;0;0;0;0;0;0;0;0;0;0;0
703103;Drugi davki od premoženja od premičnin;0;0;0;0;0;0;0;0;0;0;0;0;0;0;0;0;0;0;0;0;0;0
703104;Dodatni davek od vodnih plovil;0;0;0;0;0;0;0;0;0;0;0;0;0;0;0;195809;179914;196094;194273;200706;261547;244985
703105;Zamudne obresti od dodatnega davka od vodnih plovil;0;0;0;0;0;0;0;0;0;0;0;0;0;0;0;577;761;967;1378;11;864;379
;;;;;;;;;;;;;;;;;;;;;;;
7032;Davki na dediščine in darila;0;0;0;0;0;0;0;0;0;0;0;0;0;0;0;0;0;0;0;0;0;0
703200;Davek na dediščine in darila;0;0;0;0;0;0;0;0;0;0;0;0;0;0;0;0;0;0;0;0;0;0
703201;Zamudne obresti davkov občanov;0;0;0;0;0;0;0;0;0;0;0;0;0;0;0;0;0;0;0;0;0;0
;;;;;;;;;;;;;;;;;;;;;;;
7033;Davki na promet nepremičnin in na finančno premoženje;18054943;8673317;4351145;13006526;7635346;1443350;11745173;3152359;0;0;0;1887;186004;708817;6929838;18241310;26582268;1970406;85386;52191;182308;99936
703300;Davek na promet nepremičnin - od pravnih oseb;0;0;0;0;0;0;0;0;0;0;0;0;0;0;0;0;0;0;0;0;0;0
703301;Davek na promet nepremičnin - od fizičnih oseb;0;0;0;0;0;0;0;0;0;0;0;0;0;0;0;0;0;0;0;0;0;0
703302;Davek na promet nepremičnin - od pravnih in fizičnih oseb, ki nimajo sedeža oz stalnega bivališča v Republiki Sloveniji;0;0;0;0;0;0;0;0;0;0;0;0;0;0;0;0;0;0;0;0;0;0
703303;Zamudne obresti od davka na promet nepremičnin;0;0;0;0;0;0;0;0;0;0;0;0;0;0;0;0;0;0;0;0;0;0
703304;Davek na bilančno vsoto bank;18044068;8671940;4300693;13006526;7633551;1443350;11744876;3204081;0;0;0;-11;0;0;0;0;0;0;0;0;0;0
703305;Zamudne obresti za davek na bilančno vsoto bank;10875;1378;50452;0;1795;0;298;-51722;0;0;0;-3155;0;0;0;0;0;0;0;0;0;0
703306;Davek od dobička od odsvojitve izvedenih finančnih instrumentov;0;0;0;0;0;0;0;0;0;0;0;0;59334;708754;-486843;-30759;84592;3635;85291;52133;182274;99910
703307;Zamudne obresti od davka od dobička od odsvojitve izvedenih finančnih instrumentov;0;0;0;0;0;0;0;0;0;0;0;5052;126670;64;510;17;113;0;93;58;33;26
703308;Davek na bilančno vsoto bank;0;0;0;0;0;0;0;0;0;0;0;0;0;0;7416171;18272052;26497563;1966771;2;0;0;0
;;;;;;;;;;;;;;;;;;;;;;;
704;Domači davki na blago in storitve;1964538277;2475742995;2475974499;2751266901;2722861840;3311049622;3487579102;3833624661;4005016687;4434350589;4737488843;4594973490;4718973994;4796541443;4823899257;4978599848;5135605239;5299522589;5383794266;5674196014;5935140962;4438125676
;;;;;;;;;;;;;;;;;;;;;;;
7040;Davek na dodano vrednost;1767386463;1972685353;1712523410;1838766053;1768071330;2194618480;2250530520;2535896584;2715981911;2906673630;3144500933;2838007169;2940892849;2992405400;2905027883;3029055394;3153257072;3228708179;3272031983;3504190167;3756847846;2793121918
704000;Davek na dodano vrednost po obračunu;0;385662049;484850489;460783256;312402739;276651940;1017456467;2023732014;2122109925;2247464919;2392763404;2282888511;2231798223;2187686875;2107755578;2232967791;2379495766;2484904250;2771492948;3364466489;3624647709;2698403544
704001;Davek na dodano vrednost od uvoženega blaga;0;477419676;1179762681;1367849168;1451788203;1911475317;1224805354;506176533;587886929;653149953;744806948;548706721;702266772;796889194;789780424;790837100;768530078;738364321;495576656;133608353;128214459;93811004
704002;Zamudne obresti od davka na dodano vrednost po obračunu;0;0;0;0;0;0;7957187;5839160;5867252;5961081;6731748;6213261;6601910;7596234;7269302;5022293;5061669;5253604;4848206;6101885;3941646;900639
704003;Zamudne obresti od davka na dodano vrednost od uvoženega blaga;0;50491;1160562;1925384;340973;373349;311513;148877;117805;97676;198833;198676;225944;233097;222578;228209;169558;186004;114172;13440;44032;6732
704010;Davek od prometa blaga in storitev;412146036;252720672;7407910;892221;262805;2034991;0;0;0;0;0;0;0;0;0;0;0;0;0;0;0;0
704011;Davek od prometa proizvodov iz tarifne št 2 tarife davka od prometa proizvodov;75586345;43283193;1339315;650053;127914;0;0;0;0;0;0;0;0;0;0;0;0;0;0;0;0;0
704012;Davek od prometa proizvodov iz tarifne št 3 tarife davka od prometa proizvodov;180421642;116157809;3251161;400627;145996;0;0;0;0;0;0;0;0;0;0;0;0;0;0;0;0;0
704013;Davek od prometa proizvodov iz tarifne št 4 tarife davka od prometa proizvodov;31562277;19799909;304125;45337;26518;0;0;0;0;0;0;0;0;0;0;0;0;0;0;0;0;0
704014;Davek od prometa motornega bencina mb 86 iz 1točke tarifne št 5 tarife davka na promet proizvodov;395318;288924;88136;10548;17427;0;0;0;0;0;0;0;0;0;0;0;0;0;0;0;0;0
704015;Davek od prometa motornega bencina mb 98 iz 1točke tarifne št 5 tarife davka na promet proizvodov;104005709;46795491;162893;-859;821;0;0;0;0;0;0;0;0;0;0;0;0;0;0;0;0;0
704016;Davek od prometa motornega bencina nmb 91 in nmb 95 iz 1točke tarifne št 5 tarife davka na promet proizvodov;172879816;99646358;228669;3099;912;0;0;0;0;0;0;0;0;0;0;0;0;0;0;0;0;0
704017;Davek od prometa plinskega olja - dieselskega goriva d-1in d-3 iz 2točke tarifne št 5 tarife davka na promet proizvodov;54644;16446;2687;145;21;0;0;0;0;0;0;0;0;0;0;0;0;0;0;0;0;0
704018;Davek od prometa plinskega olja - dieselskega goriva d-2 iz 2točke tarifne št 5 tarife davka na promet proizvodov;124686789;71757046;1752581;23847;8795;0;0;0;0;0;0;0;0;0;0;0;0;0;0;0;0;0
704019;Davek od prometa ekstra lahkega kurilnega olja (EL) in lahkega specialnega kurilnega olja (LS) iz 3 točke tarifne št 5 tarife davek na promet proizvodov;34417167;27623240;304225;14610;1426;0;0;0;0;0;0;0;0;0;0;0;0;0;0;0;0;0
704020;Davek od prometa kurilnega olja - mazuta iz 4točke tarifne št 5 tarife davka na promet proizvodov;2246044;1412412;114008;144;75;0;0;0;0;0;0;0;0;0;0;0;0;0;0;0;0;0
704021;Davek od prometa reaktivnega goriva in letalskega bencina iz 5točke tarifne št 5 tarife davka na promet proizvodov;214526;66169;-799;383;-34;0;0;0;0;0;0;0;0;0;0;0;0;0;0;0;0;0
704022;Davek od prometa utekočinjenega naftnega plina iz 7 točke tarifne št 5 tarife davka na promet proizvodov;1317017;845793;7354;640;38;0;0;0;0;0;0;0;0;0;0;0;0;0;0;0;0;0
704023;Davek od prometa drugih naftnih derivatov iz tarifne št 5 tarife davka na promet proizvodov;4557202;2626568;63958;4227;638;0;0;0;0;0;0;0;0;0;0;0;0;0;0;0;0;0
704024;Davek od prometa tobačnih izdelkov iz  tarifne št 6 tarife davka na promet proizvodov;114060503;74746843;5796972;7742;1033;0;0;0;0;0;0;0;0;0;0;0;0;0;0;0;0;0
704025;Davek od prometa alkoholnih pijač iz tarifne št 7 tarife davka na promet proizvodov;9238537;6194696;522167;41808;1859;0;0;0;0;0;0;0;0;0;0;0;0;0;0;0;0;0
704026;Davek od prometa prozvodov, zaračunan pri uvozu proizvodov;37236221;24394845;49320;205907;340531;0;0;0;0;0;0;0;0;0;0;0;0;0;0;0;0;0
704027;Zamudne obresti od davka od prometa blaga in storitev;4809993;3213529;2001401;1002089;1440099;4082884;0;0;0;0;0;0;0;0;0;0;0;0;0;0;0;0
704028;Davek od prometa storitev iz tarifne št 1 tarife davka od prometa storitev;342099265;236418911;17495409;2903276;599799;0;0;0;0;0;0;0;0;0;0;0;0;0;0;0;0;0
704029;Davek od prometa storitev iz tarifne št 2 tarife davka od prometa storitev;50078491;42915543;4807092;369708;204084;0;0;0;0;0;0;0;0;0;0;0;0;0;0;0;0;0
704030;Davek od prometa storitev iz tarifne št 3 tarife davka od prometa storitev;61343803;35641649;252596;190388;15655;0;0;0;0;0;0;0;0;0;0;0;0;0;0;0;0;0
704031;Davek od prometa storitev iz tarifne št 4 tarife davka od prometa storitev;1684826;1111479;4052;780;231;0;0;0;0;0;0;0;0;0;0;0;0;0;0;0;0;0
704032;Zamudne obresti od davka na promet storitev;2344293;1875612;794446;1441524;342771;0;0;0;0;0;0;0;0;0;0;0;0;0;0;0;0;0
;;;;;;;;;;;;;;;;;;;;;;;
7041;Drugi davki na blago in storitve;97042184;77853774;32389817;31408252;33373630;49636560;58841116;45853895;33588256;27249891;30021221;30061460;31102667;30075860;56779981;107984806;107277352;125235443;132776016;138802087;138018520;103417865
704100;Posebni prometni davek od cigaret;0;0;0;0;0;0;0;0;0;0;0;0;0;0;0;0;0;0;0;0;0;0
704101;Zamudne obresti od posebnega prometnega davka od cigaret;9251;287;92;-89;2634;0;0;0;0;0;0;0;0;0;0;0;0;0;0;0;0;0
704102;Posebni prometni davek od alkoholnih pijač;22991804;14974295;621833;22528;728;0;0;0;0;0;0;0;0;0;0;0;0;0;0;0;0;0
704103;Zamudne obresti od posebnega prometnega davka od alkoholnih pijač;30245;32436;11269;2609;-847;0;0;0;0;0;0;0;0;0;0;0;0;0;0;0;0;0
704104;Okoljska dajatev za onesnaževanje zraka z emisijo CO2 - od tekočih goriv;62147868;57694028;29003466;27413603;26854825;32473729;31194087;27919819;24050494;19010915;20576606;20851407;20722115;18412099;45971304;95810809;95370928;111339055;118907243;123389286;123162763;91594574
704105;Okoljska dajatev za onesnaževanje zraka z emisijo CO2 - od plinastih goriv;10098239;4332473;1851115;3261425;5854467;15494447;22993024;13469617;8896279;7960233;8995562;8516431;9504034;9204735;8156014;9959655;9155467;12726656;12784344;14441029;13900500;11034363
704106;Okoljska dajatev za onesnaževanje zraka z emisijo CO2 - od trdih goriv;1703514;763400;750274;575513;596103;1539103;4557446;4345194;582338;363364;421293;228929;349341;1201084;310884;234126;1921815;190691;335465;968746;952596;788200
704107;Zamudne obresti od okoljskih dajatev za onesnaževanje zraka z emisijo CO2;61263;21705;60035;20217;14249;90597;14279;4877;2446;5077;6996;366640;11600;2092;487897;8618;16341;4882;60082;3026;599;728
704108;Okoljska dajatev za onesnaževanje zraka z emisijo CO2 - od gorljivih organskih snovi;0;35149;91733;112446;51471;38685;82280;114388;56699;-89698;20763;9798;4937;80193;87905;74204;0;1654;0;0;0;0
704109;Okoljska dajatev zaradi uporabe fluoriranih toplogrednih plinov;0;0;0;0;0;0;0;0;0;0;0;88255;510640;1175657;1765977;1897395;812802;972505;688882;0;2062;0
;;;;;;;;;;;;;;;;;;;;;;;
7042;Trošarine (akcize);0;292391444;559721429;694355836;713238228;825369757;908029138;960952690;955947883;1157852574;1213254627;1415000111;1439187328;1462405727;1560274334;1490697936;1491281136;1515308088;1551112431;1585476381;1559767138;1150186875
704200;Trošarina od energentov in električne energije;0;211471918;403175010;511051508;511942242;573536177;620272527;645060722;623012105;785330762;801558226;969227369;956524530;943614325;1019583865;968122758;969251796;988308552;1025787876;1050829883;1017120447;743504007
704201;Trošarina od alkohola in alkoholnih pijač;0;21503350;41833504;56596785;53358097;60733178;61268559;62638734;66463731;70270303;71635714;82482582;90190239;92185983;94612451;94213604;102122282;108875804;112877944;113495397;118480099;91276317
704202;Trošarina od tobačnih izdelkov;0;59403715;114544677;126279614;147528072;190898451;226400197;252567247;265823028;302266700;339945154;363104956;392418718;426582044;445948109;428265048;420125793;418026947;412315166;421112740;424153021;315385817
704203;Zamudne obresti od trošarin;0;12461;168238;427930;409817;201951;87855;75686;146724;175744;115533;185203;71207;23376;129909;96526;-199022;96785;131444;38361;13572;20734
704204;Dajatve na sladkor;0;0;0;0;0;0;0;610300;502296;-190935;0;0;-17367;0;0;0;-5546;0;0;0;0;0
704205;Zamudne obresti od dajatev na sladkor;0;0;0;0;0;0;0;0;0;0;0;0;0;0;0;0;-14168;0;0;0;0;0
;;;;;;;;;;;;;;;;;;;;;;;
7043;Dobički fiskalnih monopolov;0;0;0;0;0;0;0;0;0;0;0;0;0;0;0;0;0;0;0;0;0;0
704399;Dobički fiskalnih monopolov;0;0;0;0;0;0;0;0;0;0;0;0;0;0;0;0;0;0;0;0;0;0
;;;;;;;;;;;;;;;;;;;;;;;
7044;Davki na posebne storitve;32225547;40917719;63897173;66429491;75228080;85083120;98400343;112291654;119113979;131745781;130661816;129194079;125812725;126110410;118753016;144913597;169565113;206167727;206206501;212960840;236498656;184570539
704400;Posebni prometni davek od posebnih iger na srečo;32210312;20213115;111166;77996;3954;2036;11398;0;0;0;0;0;0;0;0;0;0;0;0;0;0;0
704402;Zamudne obresti od posebnega prometnega davka od posebnih iger na srečo;15235;0;76985;158338;17;0;873;-25979;32;0;0;0;0;0;0;0;0;0;0;0;0;0
704403;Davek na dobitke od iger na srečo;0;0;0;0;0;0;0;0;0;0;0;0;0;0;0;0;0;0;0;0;0;0
704404;Posebna taksa na igralne avtomate;0;0;0;0;0;0;0;0;0;0;0;0;0;0;0;0;0;0;0;0;0;0
704405;Zamudne obresti od davka na dobitke od iger na srečo;0;0;0;0;0;0;0;0;0;0;0;0;0;0;0;0;0;0;0;0;0;0
704406;Davek od klasičnih iger na srečo;0;446027;1372950;1666444;2130558;1883362;2353515;2793687;2816805;2940884;3660981;3712989;3349405;3387233;4151323;3334271;3078645;3072220;2927450;2866246;3198228;2415650
704407;Zamudne obresti od davka od klasičnih iger na srečo;0;420;176;58;12;0;42;4;56;15;62;0;0;2;236;-226;0;0;1;3;2;0
704408;Davek od posebnih iger na srečo;0;8591828;23967428;28932999;32813729;38746170;46496743;56266927;61162780;63934955;61428566;56650892;53201664;51365646;44727930;41128447;43134613;47528317;45455890;45121840;45067916;35035919
704409;Zamudne obresti od davka od posebnih iger na srečo;0;414;58850;27338;125385;-60888;13313;-322822;6685;6546;5877;13158;45919;117090;164437;166156;93493;61881;28056;27890;19461;10979
704410;Davek od prometa zavarovalnih poslov;0;11665505;38309601;35566220;40148813;44511949;49501048;53579087;55150352;64860866;65566194;68816768;69215678;71233416;69707975;65398717;62933732;81856293;84818630;89724707;94122865;78824858
704411;Zamudne obresti od davka od prometa zavarovalnih poslov;0;410;18;98;5612;492;23412;749;-22732;2514;138;272;59;7023;1116;5758;1441;1961;10554;120109;-111665;2350
704412;Davek na finančne storitve;0;0;0;0;0;0;0;0;0;0;0;0;0;0;0;31792553;43647108;56716954;56681669;58687641;76024297;53752379
704413;Zamudne obresti od davka na finančne storitve;0;0;0;0;0;0;0;0;0;0;0;0;0;0;0;4844;7658;7948;8799;8328;11924;7873
704414;Davek od srečk;0;0;0;0;0;0;0;0;0;0;0;0;0;0;0;3083077;16668423;16922153;16275452;16404075;18165628;14520529
704415;Zamudne obresti od davka od srečk;0;0;0;0;0;0;0;0;0;0;0;0;0;0;0;0;0;0;0;0;0;0
;;;;;;;;;;;;;;;;;;;;;;;
7045;Dovoljenja za poslovanje in za opravljanje dejavnosti;0;0;0;0;0;0;0;0;0;0;0;0;0;0;0;0;0;0;0;0;0;0
704599;Dovoljenja za poslovanje in za opravljanje dejavnosti;0;0;0;0;0;0;0;0;0;0;0;0;0;0;0;0;0;0;0;0;0;0
;;;;;;;;;;;;;;;;;;;;;;;
7046;Letna dajatev za uporabo vozil v cestnem prometu;52467155;61766073;66931012;74592271;78905567;87406362;87263111;91911499;93620440;100159164;105252178;105450341;105232502;106266927;108271185;133703657;143064722;145228291;148209687;152036906;156475941;123691336
704600;Letna povračila za uporabo cest;8898118;10231610;12148551;12698124;70708928;79467660;84202583;0;0;0;0;0;0;0;0;0;0;0;0;0;0;0
704601;Pristojbine za registracijo motornih vozil, plovil in letal - od fizičnih oseb;38125280;45702143;49231872;54711133;0;0;0;0;0;0;0;0;0;0;0;0;0;0;0;0;0;0
704602;Povračila za uporabo cest za tuja motorna vozila;5373752;5743183;5480874;7115630;8087713;7880707;3016926;43936;6023;2031;26138;0;0;0;0;0;0;0;0;0;0;0
704603;Pristojbine od registracijskih tablic po posebnem naročilu;70005;89136;69715;67384;108926;57995;43602;53442;96422;169360;138501;97008;101394;110900;74338;98746;110406;135571;182813;202345;240338;192877
704604;Letna dajatev za uporabo vozil v cestnem prometu od pravnih oseb;0;0;0;0;0;0;0;21083908;17726305;20580135;24711862;22497574;19904068;19645781;20431121;24223615;25565825;26742110;28191997;29501318;31386496;24189065
704605;Letna dajatev za uporabo vozil v cestnem prometu od fizičnih oseb in zasebnikov;0;0;0;0;0;0;0;70730213;75791690;79407638;80375677;82855758;85227040;86510246;87765726;109381295;117388491;118350610;119834877;122333243;124849107;99034972
704606;Dajatev za odjavljena vozila;0;0;0;0;0;0;0;0;0;0;0;0;0;0;0;0;0;0;0;0;0;274423
;;;;;;;;;;;;;;;;;;;;;;;
7047;Drugi davki na uporabo blaga in storitev;15416928;23028984;21183349;22531011;29096479;34468836;36888002;42520109;39367360;48961124;42354046;36400619;36678288;41311077;40033598;42719942;44045531;47030986;47903118;45212847;45404512;48389837
704700;Okoljska dajatev za onesnaževanje okolja zaradi odvajanja odpadnih voda;2047267;3253824;4191516;5144811;5687192;6593716;6506245;8024191;5928049;4688003;4346620;359347;207227;286219;11149;179868;100;66;0;0;25103;0
704701;Zamudne obresti od okoljske dajatve za onesnaževanje okolja zaradi odvajanja odpadnih voda;0;0;237;3299;148843;177024;114310;226002;64530;107507;63007;54025;32181;-90;6759;0;0;0;57;7;0;0
704702;Vodna povračila;5091304;4213525;7136229;9049331;13633838;15598072;14144993;18150552;16633605;22144836;23373862;21673608;22953366;24625794;26244658;29374119;29089290;32417188;30981200;29927429;30687426;24103464
704703;Zamudne obresti od vodnih povračil;248022;24918;17580;74336;438232;751620;98045;173893;117737;72636;50952;39648;37648;260017;-166930;40597;48099;55874;50790;96077;40241;50598
704704;Turistična taksa;469780;0;0;0;0;0;0;0;0;0;0;0;0;0;0;0;0;0;0;0;0;0
704706;Občinske takse od pravnih oseb;0;0;0;0;0;0;0;0;0;0;0;0;0;0;0;0;0;0;0;0;0;0
704707;Občinske takse od fizičnih oseb in zasebnikov;0;0;0;0;0;0;0;0;0;0;0;0;0;0;0;0;0;0;0;0;0;0
704708;Pristojbina za vzdrževanje gozdnih cest;0;0;0;0;0;0;0;0;0;0;0;0;0;0;0;0;0;0;0;0;0;0
704709;Druge občinske takse;0;0;0;0;0;0;0;0;0;0;0;0;0;0;0;0;0;0;0;0;0;0
704710;Odškodnine za spremembo namembnosti kmetijskega zemljišča in gozda;4109844;12092844;6260660;4483130;3255352;35226;-2700;955;228;2055;91;177;-177;1660957;342481;655994;2832004;1535716;3945942;1729583;1269715;932225
704711;Zamudne obresti iz naslova odškodnine za spremembo namembnosti kmetijskega zemljišča in gozda;1569;1591;313;4;-1272;16;115;0;0;1;0;0;0;0;0;0;0;0;0;0;0;0
704712;Cestnine na avtocestah;0;0;0;0;0;0;0;0;0;0;0;0;0;0;0;0;0;0;0;0;0;0
704713;Požarna taksa;3449143;3442282;3576813;3776100;3872031;4472872;4874532;5575576;5385872;6204636;6691325;7130642;7004383;7837079;7612533;7693731;7696313;7913507;8051424;8238883;8451364;6862934
704714;Odškodnine od izkopanih rudnin;0;0;0;0;0;0;0;0;0;0;0;0;0;0;0;0;0;0;0;0;0;0
704715;Priključne takse;0;0;0;0;0;0;0;0;0;0;0;0;0;0;0;0;0;0;0;0;0;0
704716;Ekološke takse;0;0;0;0;0;0;0;0;0;0;0;0;0;0;0;0;0;0;0;0;0;0
704717;Okoljska dajatev za onesnaževanje okolja zaradi uporabe mazalnih olj in tekočin;0;0;0;0;2061830;2584573;2596892;2390328;2439990;2548947;2621342;2255870;2502248;2744196;2480584;2376276;2438853;2592869;2579772;2920785;2804638;1999863
704718;Sredstva za vzdrževanje melioracijskih sistemov;0;0;0;0;433;213297;159569;429590;23455;258177;408240;566871;602171;563677;725348;623975;283401;667550;628332;649155;697719;586655
704719;Okoljska dajatev za onesnaževanje okolja zaradi odlaganja odpadkov;0;0;0;0;0;701189;770418;1286633;828983;2002991;1095467;624193;789202;1620475;662112;518992;297656;450525;278333;247681;199321;127608
704720;Okoljska dajatev za onesnaževanje okolja zaradi nastajanja izrabljenih motornih vozil;0;0;0;0;0;3341231;7625582;6259446;6024214;7668658;100018;498075;673759;649195;563384;-51569;-2994;132;18703;-581;39;261
704721;Zamudne obresti od okoljske dajatve za onesnaževanje okolja zaradi uporabe mazalnih olj in tekočin;0;0;0;0;0;0;0;242;1878;421;4056;5755;3534;2093;2275;3982;989;1657;1099;401;554;251
704722;Zamudne obresti od okoljske dajatve za onesnaževanje okolja zaradi nastajanja izrabljenih motornih vozil;0;0;0;0;0;0;0;2701;4394;1435;-1704;204;-1476;552;936;129;679;234;5731;421;386;1194
704723;Okoljska dajatev za onesnaževanje okolja zaradi nastajanja odpadne električne in elektronske opreme;0;0;0;0;0;0;0;0;164858;373745;382412;278116;341674;382728;368782;345014;367796;397731;358525;362056;374421;397829
704724;Zamudne obresti od okoljske dajatve za onesnaževanje okolja zaradi nastajanja odpadne električne in elektronske opreme;0;0;0;0;0;0;0;0;1020;197;591;731;2480;6838;5551;2583;895;1049;1122;446;423;336
704725;Okoljska dajatev za onesnaževanje okolja zaradi nastajanja izrabljenih gum;0;0;0;0;0;0;0;0;1198734;2335098;2647408;2401861;942479;153806;119256;106831;121830;121631;131022;143256;143727;113107
704726;Zamudne obresti od okoljske dajatve za onesnaževanje okolja zaradi nastajanja izrabljenih gum;0;0;0;0;0;0;0;0;180;1660;25200;28348;2214;2420;540;118;211;142;225;211;146;87
704727;Okoljska dajatev za onesnaževanje okolja zaradi nastajanja odpadne embalaže;0;0;0;0;0;0;0;0;548337;542179;516346;413705;531003;438891;968149;754274;765112;787457;768747;816150;627020;443580
704728;Zamudne obresti od okoljske dajatve za onesnaževanje okolja zaradi nastajanja odpadne embalaže;0;0;0;0;0;0;0;0;1296;7942;4703;2108;-25022;609;2603;1759;2345;1826;228;356;291;178
704729;Okoljska dajatev za onesnaževanje okolja zaradi uporabe hlapnih organskih spojin;0;0;0;0;0;0;0;0;0;0;23637;66924;79201;73851;79939;89944;99053;77181;76288;79922;81723;85569
704730;Zamudne obresti od okoljske dajatve za onesnaževanje okolja zaradi uporabe hlapnih organskih spojin;0;0;0;0;0;0;0;0;0;0;105;413;194;230;308;1032;964;124;25656;107;3;72
704731;Zamudne obresti od požarnih taks;0;0;0;0;0;0;0;0;0;0;368;0;0;591;711;-47;1089;1104;-465;140;153;151
704732;Plačilo prispevka za pridelavo gensko spremenjenih rastlin (GSR);0;0;0;0;0;0;0;0;0;0;0;0;0;0;0;0;0;0;0;0;0;0
704733;Zamudne obresti od okoljske dajatve za onesnaževanje okolja zaradi odlaganja odpadkov;0;0;0;0;0;0;0;0;0;0;0;0;0;951;2468;2338;1845;7422;385;364;100;49
704734;Pribitek k cestnini;0;0;0;0;0;0;0;0;0;0;0;0;0;0;0;0;0;0;0;0;0;8799147
704736;Taksa na pretovor v koprskem tovornem pristanišču;0;0;0;0;0;0;0;0;0;0;0;0;0;0;0;0;0;0;0;0;0;3884679
;;;;;;;;;;;;;;;;;;;;;;;
7048;Davki od prometa motornih vozil;0;7099649;19328309;23183986;24948527;34466506;47626873;44198231;47396858;61708425;71444021;40859711;40067636;37966042;34759262;29524516;27114313;31843876;25554530;35516786;42128348;34747306
704800;Davek od prometa novih motornih vozil;0;5478520;17410885;21834307;23741555;32976391;45049087;42217967;45490333;59671749;70093287;40719705;40004820;37874212;33827455;26126366;23401074;25701538;19403865;28052268;33776611;28910507
704801;Zamudne obresti od davka od prometa novih motornih vozil;0;11554;30083;6050;6503;149024;14398;25549;12058;-49667;42238;31151;35831;48364;88451;75105;16970;-5051;48312;37543;26498;33139
704802;Davek od prometa rabljenih motornih vozil;0;1609575;1882757;1333972;1190551;1326123;2543965;1961283;1880081;2079867;1306100;250326;26520;43126;-10655;-27204;115;-872;-3134;4;0;0
704803;Zamudne obresti od davka od prometa rabljenih motornih vozil;0;0;4584;9657;9918;14968;19423;-6568;14385;6476;2396;-141471;465;340;355;591;2075;2;792;2;0;410
704804;Dodatni davek na motorna vozila;0;0;0;0;0;0;0;0;0;0;0;0;0;0;853656;3349657;3694079;6148260;6104694;7426969;8325239;5803249
;;;;;;;;;;;;;;;;;;;;;;;
705;Davki na mednarodno trgovino in transakcije;197340943;190525117;158944455;123548424;130783110;144602869;80698288;39060142;50680685;117079438;120091836;90533426;90698549;100249710;82549605;77467708;77727670;82471742;81932211;83265363;89816581;76489912
;;;;;;;;;;;;;;;;;;;;;;;
7050;Carine;189647327;178936141;150369596;119130455;124565628;133898050;75426878;38791012;50253705;116371319;118505275;89388720;90698549;100249710;82549605;77467708;77727670;82471742;81932211;83265363;89816581;76489912
705000;Carina od pravnih oseb;187885672;177215727;149079636;117979427;122930002;131344819;73952138;0;0;0;0;0;0;0;0;0;0;0;0;0;0;0
705001;Carina od fizičnih oseb in zasebnikov;957732;926048;823637;507245;263482;332584;250466;0;0;0;0;0;0;0;0;0;0;0;0;0;0;0
705002;Zamudne obresti od uvoznih dajatev z učinkom carin;803924;794366;466324;643783;1372144;2220647;1224274;254093;207012;-8089;116719;406303;-126844;238061;144264;63628;-56179;32803;35373;11630;31342;7897
705003;Uvozne dajatve z učinkom carin;0;0;0;0;0;0;0;38536919;50046692;116379409;118388555;88982417;90825392;100011648;82405341;76619338;75858169;80489308;79534230;80048801;87872312;74197710
705004;Izravnalne in protidampinške dajatve;0;0;0;0;0;0;0;0;0;0;0;0;0;0;0;784743;1925681;1949631;2362608;3204933;1912927;2284304
;;;;;;;;;;;;;;;;;;;;;;;
7051;Druge uvozne dajatve;7693615;11588976;8574859;4417968;6217482;10704819;5271409;269129;426980;708119;1586561;1144706;0;0;0;0;0;0;0;0;0;0
705100;Uvozne in izvozne dajatve, uvedene s skupno kmetijsko politiko;7473641;11424935;8558996;4392065;6221660;10694221;5256555;266327;386689;705910;1586067;1143753;0;0;0;0;0;0;0;0;0;0
705101;Zamudne obresti od uvoznih in izvoznih dajatev, uvedenih s skupno kmetijsko politiko;0;0;0;0;0;0;1607;2802;40291;2208;494;953;0;0;0;0;0;0;0;0;0;0
705102;Pozneje plačane ukinjene uvozne dajatve;219974;164041;15863;25904;-4178;10599;13248;0;0;0;0;0;0;0;0;0;0;0;0;0;0;0
705199;Druge uvozne dajatve;0;0;0;0;0;0;0;0;0;0;0;0;0;0;0;0;0;0;0;0;0;0
;;;;;;;;;;;;;;;;;;;;;;;
7052;Izvozne dajatve;0;0;0;0;0;0;0;0;0;0;0;0;0;0;0;0;0;0;0;0;0;0
705299;Izvozne dajatve;0;0;0;0;0;0;0;0;0;0;0;0;0;0;0;0;0;0;0;0;0;0
;;;;;;;;;;;;;;;;;;;;;;;
7053;Dobički izvoznih in uvoznih monopolov;0;0;0;0;0;0;0;0;0;0;0;0;0;0;0;0;0;0;0;0;0;0
705399;Dobički izvoznih in uvoznih monopolov;0;0;0;0;0;0;0;0;0;0;0;0;0;0;0;0;0;0;0;0;0;0
;;;;;;;;;;;;;;;;;;;;;;;
7054;Dobički od menjave tujih valut;0;0;0;0;0;0;0;0;0;0;0;0;0;0;0;0;0;0;0;0;0;0
705499;Dobički od menjave tujih valut;0;0;0;0;0;0;0;0;0;0;0;0;0;0;0;0;0;0;0;0;0;0
;;;;;;;;;;;;;;;;;;;;;;;
7055;Davki na menjavo tujih valut;0;0;0;0;0;0;0;0;0;0;0;0;0;0;0;0;0;0;0;0;0;0
705599;Davki na menjavo tujih valut;0;0;0;0;0;0;0;0;0;0;0;0;0;0;0;0;0;0;0;0;0;0
;;;;;;;;;;;;;;;;;;;;;;;
7056;Drugi davki na mednarodno trgovino in transakcije;0;0;0;0;0;0;0;0;0;0;0;0;0;0;0;0;0;0;0;0;0;0
705699;Drugi davki na mednarodno trgovino in transakcije;0;0;0;0;0;0;0;0;0;0;0;0;0;0;0;0;0;0;0;0;0;0
;;;;;;;;;;;;;;;;;;;;;;;
706;Drugi davki in prispevki;1386083;142715;-4;910837;1368123;989148;31197295;3941049;5096112;1975519;1804421;2793370;2814259;11708554;267380;262219;33542;642558;32757358;10688;444635;18482733
;;;;;;;;;;;;;;;;;;;;;;;
7060;Drugi davki in prispevki;1386083;142715;-4;910837;1368123;989148;31197295;3941049;5096112;1975519;1804421;2793370;2814259;11708554;267380;262219;33542;642558;32757358;10688;444635;18482733
706000;Pozneje plačani odloženi davki in prispevki, ki jih ni možno razvrstiti v posamezno kategorijo davkov;0;0;0;0;0;0;0;0;0;0;0;0;0;0;0;0;0;0;0;0;0;0
706001;Pozneje vplačani ukinjeni davki in prispevki;447446;11543;-4;0;401185;2193;29991473;1777395;2632402;-355693;-634398;1887039;54234;109695;218531;-15402;15175;64383;698;7897;2110;14004
706002;Prisilne izterjave davkov in prispevkov;938637;131173;0;910837;966938;986955;1205823;2163654;2526287;2167430;2631558;2590955;3050107;0;0;0;0;0;0;0;0;0
706003;Zamudne obresti od pozneje vplačanih ukinjenih davkov in prispevkov;0;0;0;0;0;0;0;0;-62577;163781;-192739;-1684624;-290081;-461461;48848;21724;18367;30536;971;2791;442525;698
706099;Nerazporejeni davki in prispevki;0;0;0;0;0;0;0;0;0;0;0;0;0;12060319;0;255898;0;547639;32755689;0;0;18468031